Suburb,Price_Range,Total_Properties,Lost_Income,Duration,Vacancy_Count,Weekly_Rent
Aarons Pass,All,0,0,0,2499,0
Abbotsbury,All,0,0,0,4085,0
Abbotsford (NSW),All,0,0,0,1709,0
Abercrombie,All,0,0,0,3512,0
Aberdare,All,0,0,0,2483,0
Aberdeen (NSW),All,0,0,0,4667,0
Aberglasslyn,All,0,0,0,3636,0
Abermain,All,0,0,0,1740,0
Abernethy,All,0,0,0,1758,0
Acacia Gardens,All,0,0,0,3623,0
Adamstown,All,0,0,0,1946,0
Adamstown Heights,All,0,0,0,2033,0
Agnes Banks,All,0,0,0,2855,0
Airds,All,0,0,0,2527,0
Albion Park,All,0,0,0,2164,0
Albion Park Rail,All,0,0,0,4014,0
Alexandria,All,0,0,0,4288,0
Alfords Point,All,0,0,0,2833,0
Alison (Central Coast - NSW),All,0,0,0,3954,0
Alison (Dungog - NSW),All,0,0,0,4892,0
Allambie Heights,All,0,0,0,1573,0
Allandale (NSW),All,0,0,0,2402,0
Allawah,All,0,0,0,2180,0
Allworth,All,0,0,0,4619,0
Allynbrook,All,0,0,0,2434,0
Alpine,All,0,0,0,3652,0
Ambarvale,All,0,0,0,4542,0
Anambah,All,0,0,0,3585,0
Anna Bay,All,0,0,0,2363,0
Annandale (NSW),All,0,0,0,2695,0
Annangrove,All,0,0,0,2592,0
Appin (NSW),All,0,0,0,4890,0
Apple Tree Flat,All,0,0,0,2838,0
Appletree Flat,All,0,0,0,1765,0
Arcadia (NSW),All,0,0,0,2492,0
Arcadia Vale,All,0,0,0,4183,0
Argenton,All,0,0,0,3693,0
Arncliffe,All,0,0,0,1048,0
Arndell Park,All,0,0,0,1803,0
Artarmon,All,0,0,0,1577,0
Ashbury,All,0,0,0,1394,0
Ashcroft,All,0,0,0,2889,0
Ashfield (NSW),All,0,0,0,2333,0
Ashtonfield,All,0,0,0,2439,0
Asquith,All,0,0,0,4992,0
Auburn (NSW),All,0,0,0,3829,0
Austinmer,All,0,0,0,4383,0
Austral,All,0,0,0,4258,0
Avalon Beach,All,0,0,0,3768,0
Avisford,All,0,0,0,3234,0
Avoca (NSW),All,0,0,0,1655,0
Avoca Beach,All,0,0,0,2988,0
Avon (NSW),All,0,0,0,2559,0
Avondale (NSW),All,0,0,0,4002,0
Awaba,All,0,0,0,1648,0
Aylmerton,All,0,0,0,3665,0
Back Forest,All,0,0,0,1691,0
Badgerys Creek,All,0,0,0,2603,0
Baerami,All,0,0,0,3851,0
Baerami Creek,All,0,0,0,1798,0
Balaclava (NSW),All,0,0,0,2667,0
Balcolyn,All,0,0,0,4550,0
Balgowlah,All,0,0,0,3247,0
Balgowlah Heights,All,0,0,0,1897,0
Balgownie,All,0,0,0,4691,0
Balickera,All,0,0,0,2972,0
Balmain,All,0,0,0,1146,0
Balmain East,All,0,0,0,4538,0
Balmoral (Lake Macquarie - NSW),All,0,0,0,2187,0
Balmoral (Wingecarribee - NSW),All,0,0,0,3657,0
Bamarang,All,0,0,0,3474,0
Bandon Grove,All,0,0,0,3808,0
Bangalee (NSW),All,0,0,0,1253,0
Bangor (NSW),All,0,0,0,3060,0
Banksia,All,0,0,0,1599,0
Banksmeadow,All,0,0,0,4857,0
Bankstown,All,0,0,0,1795,0
Bankstown Aerodrome,All,0,0,0,1866,0
Bannaby,All,0,0,0,3285,0
Bar Beach,All,0,0,0,4079,0
Bar Point,All,0,0,0,1303,0
Bara,All,0,0,0,4398,0
Barangaroo,All,0,0,0,1497,0
Barden Ridge,All,0,0,0,1171,0
Bardia,All,0,0,0,1560,0
Bardwell Park,All,0,0,0,2096,0
Bardwell Valley,All,0,0,0,1590,0
Bargo,All,0,0,0,1763,0
Barigan,All,0,0,0,2470,0
Barneys Reef,All,0,0,0,2210,0
Barnsley,All,0,0,0,3348,0
Barrack Heights,All,0,0,0,2523,0
Barrack Point,All,0,0,0,2693,0
Barren Grounds,All,0,0,0,4054,0
Barrengarry,All,0,0,0,4698,0
Barringella,All,0,0,0,1750,0
Basin View,All,0,0,0,3245,0
Bass Hill,All,0,0,0,4041,0
Bateau Bay,All,0,0,0,1223,0
Bathurst,All,0,0,0,1003,0
Baulkham Hills,All,0,0,0,3365,0
Baw Baw (NSW),All,0,0,0,2987,0
Bayview (NSW),All,0,0,0,2064,0
Beacon Hill,All,0,0,0,1405,0
Beaconsfield (NSW),All,0,0,0,4441,0
Beaumont (NSW),All,0,0,0,1520,0
Beaumont Hills,All,0,0,0,4906,0
Beecroft,All,0,0,0,1315,0
Beecroft Peninsula,All,0,0,0,1703,0
Belanglo,All,0,0,0,1136,0
Belfield,All,0,0,0,1666,0
Belford,All,0,0,0,3314,0
Belimbla Park,All,0,0,0,4581,0
Bell (NSW),All,0,0,0,2566,0
Bella Vista,All,0,0,0,1286,0
Bellambi,All,0,0,0,4406,0
Bellawongarah,All,0,0,0,4280,0
Bellbird,All,0,0,0,3857,0
Bellbird Heights,All,0,0,0,2265,0
Bellevue Hill,All,0,0,0,2320,0
Belmont (NSW),All,0,0,0,1933,0
Belmont North,All,0,0,0,2421,0
Belmont South,All,0,0,0,2074,0
Belmore,All,0,0,0,2507,0
Belrose,All,0,0,0,1383,0
Ben Bullen,All,0,0,0,4050,0
Bendalong,All,0,0,0,2401,0
Bendolba,All,0,0,0,4579,0
Bengalla,All,0,0,0,1356,0
Bennetts Green,All,0,0,0,3641,0
Bensville,All,0,0,0,2607,0
Berala,All,0,0,0,1252,0
Berambing,All,0,0,0,3968,0
Beresfield,All,0,0,0,3797,0
Berkeley,All,0,0,0,3535,0
Berkeley Vale,All,0,0,0,4909,0
Berkshire Park,All,0,0,0,4399,0
Berowra,All,0,0,0,3606,0
Berowra Creek,All,0,0,0,2023,0
Berowra Heights,All,0,0,0,2263,0
Berowra Waters,All,0,0,0,3837,0
Berrara,All,0,0,0,1280,0
Berrilee,All,0,0,0,3236,0
Berrima,All,0,0,0,3945,0
Berry,All,0,0,0,2809,0
Berry Mountain,All,0,0,0,2133,0
Berry Park,All,0,0,0,2287,0
Beryl,All,0,0,0,2704,0
Beverley Park,All,0,0,0,1951,0
Beverly Hills,All,0,0,0,1929,0
Bewong,All,0,0,0,3426,0
Bexley,All,0,0,0,3624,0
Bexley North,All,0,0,0,1811,0
Bidwill (NSW),All,0,0,0,1576,0
Big Hill (NSW),All,0,0,0,2900,0
Big Ridge,All,0,0,0,2737,0
Bilgola Beach,All,0,0,0,1803,0
Bilgola Plateau,All,0,0,0,4724,0
Billywillinga,All,0,0,0,2637,0
Bilpin,All,0,0,0,2831,0
Bingleburra,All,0,0,0,3147,0
Birchgrove,All,0,0,0,4159,0
Birmingham Gardens,All,0,0,0,1921,0
Birriwa,All,0,0,0,2905,0
Birrong,All,0,0,0,4531,0
Bishops Bridge,All,0,0,0,2291,0
Black Hill (NSW),All,0,0,0,2667,0
Black Springs (NSW),All,0,0,0,2166,0
Blackalls Park,All,0,0,0,1662,0
Blackbutt (NSW),All,0,0,0,2240,0
Blackett,All,0,0,0,4996,0
Blackheath,All,0,0,0,4983,0
Blackmans Flat,All,0,0,0,4212,0
Blacksmiths,All,0,0,0,3758,0
Blacktown,All,0,0,0,3097,0
Blackwall (NSW),All,0,0,0,1769,0
Blair Athol (NSW),All,0,0,0,1550,0
Blairmount,All,0,0,0,2443,0
Blakehurst,All,0,0,0,2243,0
Blaxland (NSW),All,0,0,0,3187,0
Blaxlands Ridge,All,0,0,0,3167,0
Bligh Park,All,0,0,0,3527,0
Blue Bay,All,0,0,0,4802,0
Blue Haven,All,0,0,0,3754,0
Blue Mountains National Park,All,0,0,0,2109,0
Blueys Beach,All,0,0,0,3251,0
Boat Harbour (Port Stephens - NSW),All,0,0,0,4417,0
Bobs Farm,All,0,0,0,2022,0
Bocoble,All,0,0,0,2120,0
Bogee,All,0,0,0,4257,0
Bolong,All,0,0,0,2021,0
Bolton Point,All,0,0,0,3444,0
Bolwarra (NSW),All,0,0,0,3616,0
Bolwarra Heights,All,0,0,0,3608,0
Bomaderry,All,0,0,0,4561,0
Bombah Point,All,0,0,0,2796,0
Bombira,All,0,0,0,3990,0
Bombo,All,0,0,0,4443,0
Bondi,All,0,0,0,1545,0
Bondi Beach,All,0,0,0,3930,0
Bondi Junction,All,0,0,0,1317,0
Bonnells Bay,All,0,0,0,2504,0
Bonnet Bay,All,0,0,0,2910,0
Bonnyrigg,All,0,0,0,4134,0
Bonnyrigg Heights,All,0,0,0,3546,0
Booker Bay,All,0,0,0,4799,0
Boolambayte,All,0,0,0,4803,0
Boolaroo,All,0,0,0,1448,0
Boolijah,All,0,0,0,4011,0
Boomerang Beach,All,0,0,0,2287,0
Booragul,All,0,0,0,1175,0
Booral (NSW),All,0,0,0,4703,0
Booti Booti,All,0,0,0,1844,0
Bossley Park,All,0,0,0,4193,0
Botany,All,0,0,0,2216,0
Botobolar,All,0,0,0,4273,0
Bouddi,All,0,0,0,3503,0
Bow Bowing,All,0,0,0,1948,0
Bowen Mountain,All,0,0,0,3624,0
Bowenfels,All,0,0,0,2574,0
Bowmans Creek,All,0,0,0,2769,0
Bowral,All,0,0,0,1104,0
Box Head,All,0,0,0,4111,0
Box Hill (NSW),All,0,0,0,3927,0
Boxers Creek,All,0,0,0,4095,0
Bradbury (NSW),All,0,0,0,2873,0
Braemar,All,0,0,0,1255,0
Brandy Hill,All,0,0,0,1860,0
Branxton,All,0,0,0,1706,0
Brawboy,All,0,0,0,3676,0
Brayton,All,0,0,0,3854,0
Breakfast Creek,All,0,0,0,4422,0
Breakfast Point,All,0,0,0,3003,0
Bream Beach,All,0,0,0,1536,0
Brewongle,All,0,0,0,1956,0
Bridgman,All,0,0,0,4754,0
Brighton-le-Sands,All,0,0,0,2006,0
Brightwaters,All,0,0,0,3099,0
Bringelly,All,0,0,0,1691,0
Brisbane Grove,All,0,0,0,4807,0
Broadmeadow,All,0,0,0,4461,0
Brogans Creek,All,0,0,0,4058,0
Brogers Creek,All,0,0,0,1422,0
Broke (NSW),All,0,0,0,4548,0
Bronte,All,0,0,0,1634,0
Brookfield (NSW),All,0,0,0,4955,0
Brooklyn (NSW),All,0,0,0,1833,0
Brookvale,All,0,0,0,3351,0
Broughton (NSW),All,0,0,0,3575,0
Broughton Vale,All,0,0,0,4664,0
Broughton Village,All,0,0,0,3403,0
Brownlow Hill,All,0,0,0,4490,0
Browns Mountain,All,0,0,0,1994,0
Brownsville,All,0,0,0,4106,0
Bruinbun,All,0,0,0,4272,0
Brundee,All,0,0,0,4771,0
Brunkerville,All,0,0,0,1424,0
Buangla,All,0,0,0,2548,0
Buchanan (NSW),All,0,0,0,4468,0
Buckaroo,All,0,0,0,1212,0
Bucketty,All,0,0,0,1494,0
Budden,All,0,0,0,3200,0
Budderoo,All,0,0,0,4470,0
Budgee Budgee (NSW),All,0,0,0,4246,0
Budgewoi,All,0,0,0,3808,0
Budgewoi Peninsula,All,0,0,0,4582,0
Budgong,All,0,0,0,4299,0
Buff Point,All,0,0,0,4327,0
Bulahdelah,All,0,0,0,4888,0
Bulee,All,0,0,0,1516,0
Bulga (NSW),All,0,0,0,4433,0
Bullaburra,All,0,0,0,1631,0
Bulli,All,0,0,0,1333,0
Bullio,All,0,0,0,1764,0
Bundabah,All,0,0,0,3086,0
Bundanoon (NSW),All,0,0,0,4047,0
Bundeena,All,0,0,0,3331,0
Bundewallah,All,0,0,0,4306,0
Bungaba,All,0,0,0,1445,0
Bungarribee,All,0,0,0,2772,0
Bungonia,All,0,0,0,3926,0
Bungwahl,All,0,0,0,3374,0
Bunnan,All,0,0,0,1558,0
Bureen,All,0,0,0,2172,0
Burradoo,All,0,0,0,3724,0
Burraneer,All,0,0,0,4241,0
Burrawang,All,0,0,0,1967,0
Burrier,All,0,0,0,1039,0
Burrundulla,All,0,0,0,3456,0
Burwood (NSW),All,0,0,0,1250,0
Burwood Heights,All,0,0,0,2941,0
Busby,All,0,0,0,4205,0
Bushells Ridge,All,0,0,0,1241,0
Buttaba,All,0,0,0,4866,0
Buttai,All,0,0,0,2247,0
Butterwick,All,0,0,0,3283,0
Buxton (NSW),All,0,0,0,1770,0
Bylong,All,0,0,0,1149,0
Cabarita (NSW),All,0,0,0,2650,0
Cabramatta,All,0,0,0,4166,0
Cabramatta West,All,0,0,0,1700,0
Caddens,All,0,0,0,2991,0
Calderwood,All,0,0,0,2637,0
Calga,All,0,0,0,4482,0
Callaghan,All,0,0,0,2357,0
Callala Bay,All,0,0,0,2624,0
Callala Beach,All,0,0,0,1935,0
Camberwell (NSW),All,0,0,0,1617,0
Cambewarra,All,0,0,0,4814,0
Cambewarra Village,All,0,0,0,2988,0
Camboon (NSW),All,0,0,0,1533,0
Cambra,All,0,0,0,4142,0
Cambridge Gardens,All,0,0,0,1649,0
Cambridge Park,All,0,0,0,2258,0
Camden,All,0,0,0,4053,0
Camden Park (NSW),All,0,0,0,4228,0
Camden South,All,0,0,0,3468,0
Camellia,All,0,0,0,2770,0
Cameron Park,All,0,0,0,4551,0
Cammeray,All,0,0,0,1960,0
Campbelltown (NSW),All,0,0,0,3733,0
Camperdown (NSW),All,0,0,0,1607,0
Campsie,All,0,0,0,2247,0
Campvale,All,0,0,0,4221,0
Cams Wharf,All,0,0,0,1080,0
Canada Bay,All,0,0,0,4825,0
Canadian Lead,All,0,0,0,2636,0
Canley Heights,All,0,0,0,1997,0
Canley Vale,All,0,0,0,3809,0
Canoelands,All,0,0,0,4052,0
Canterbury (NSW),All,0,0,0,4617,0
Canton Beach,All,0,0,0,3036,0
Canyonleigh,All,0,0,0,3937,0
Capertee,All,0,0,0,2546,0
Carcalgong,All,0,0,0,2199,0
Cardiff (NSW),All,0,0,0,1859,0
Cardiff Heights,All,0,0,0,1898,0
Cardiff South,All,0,0,0,1261,0
Carey Bay,All,0,0,0,1443,0
Caringbah,All,0,0,0,3456,0
Caringbah South,All,0,0,0,4970,0
Carlingford,All,0,0,0,3098,0
Carlton (NSW),All,0,0,0,2682,0
Carnes Hill,All,0,0,0,1916,0
Carramar (NSW),All,0,0,0,1999,0
Carrick (NSW),All,0,0,0,4573,0
Carrington (Mid-Coast - NSW),All,0,0,0,1655,0
Carrington (Newcastle - NSW),All,0,0,0,1196,0
Carrington Falls,All,0,0,0,3569,0
Carrowbrook,All,0,0,0,4541,0
Carss Park,All,0,0,0,2740,0
Cartwright,All,0,0,0,3840,0
Carwell,All,0,0,0,2138,0
Castle Cove,All,0,0,0,2763,0
Castle Hill (NSW),All,0,0,0,3522,0
Castle Rock,All,0,0,0,2068,0
Castlecrag,All,0,0,0,1251,0
Castlereagh,All,0,0,0,4036,0
Casula,All,0,0,0,1917,0
Cataract,All,0,0,0,2238,0
Catherine Field,All,0,0,0,1335,0
Catherine Hill Bay,All,0,0,0,4038,0
Cattai,All,0,0,0,2350,0
Caves Beach,All,0,0,0,4791,0
Cawdor (NSW),All,0,0,0,3747,0
Cecil Hills,All,0,0,0,3583,0
Cecil Park,All,0,0,0,2750,0
Cedar Brush Creek,All,0,0,0,1655,0
Cedar Creek (Cessnock - NSW),All,0,0,0,1310,0
Centennial Park (NSW),All,0,0,0,4757,0
Central Colo,All,0,0,0,3171,0
Central Macdonald,All,0,0,0,3393,0
Central Mangrove,All,0,0,0,4372,0
Cessnock,All,0,0,0,2177,0
Chain Valley Bay,All,0,0,0,1441,0
Charbon,All,0,0,0,4991,0
Charlestown (NSW),All,0,0,0,1984,0
Charlotte Bay,All,0,0,0,1103,0
Charlton (NSW),All,0,0,0,1618,0
Charmhaven,All,0,0,0,2523,0
Chatham Valley,All,0,0,0,2758,0
Chatsbury,All,0,0,0,2759,0
Chatswood,All,0,0,0,4135,0
Chatswood West,All,0,0,0,4301,0
Cheero Point,All,0,0,0,1840,0
Cheltenham (NSW),All,0,0,0,1770,0
Cherrybrook,All,0,0,0,3928,0
Chester Hill,All,0,0,0,4062,0
Chifley (NSW),All,0,0,0,4394,0
Chippendale,All,0,0,0,1522,0
Chipping Norton,All,0,0,0,1530,0
Chisholm (NSW),All,0,0,0,1579,0
Chiswick,All,0,0,0,4667,0
Chittaway Bay,All,0,0,0,4781,0
Chittaway Point,All,0,0,0,3039,0
Chullora,All,0,0,0,1285,0
Church Point,All,0,0,0,4487,0
Clandulla,All,0,0,0,1547,0
Claremont Meadows,All,0,0,0,3272,0
Clarence,All,0,0,0,1795,0
Clarence Town,All,0,0,0,2486,0
Clarendon (NSW),All,0,0,0,3930,0
Clareville,All,0,0,0,1617,0
Claymore,All,0,0,0,1296,0
Clear Creek,All,0,0,0,4366,0
Clemton Park,All,0,0,0,1364,0
Cleveland (NSW),All,0,0,0,1020,0
Cliftleigh,All,0,0,0,4504,0
Clifton (NSW),All,0,0,0,1728,0
Clontarf (NSW),All,0,0,0,3039,0
Clovelly,All,0,0,0,4931,0
Clyde (NSW),All,0,0,0,3215,0
Clydesdale (NSW),All,0,0,0,1895,0
Coal Point,All,0,0,0,1654,0
Coalcliff,All,0,0,0,2098,0
Coasters Retreat,All,0,0,0,3137,0
Cobar Park,All,0,0,0,3083,0
Cobbitty,All,0,0,0,4858,0
Coggan,All,0,0,0,3766,0
Cogra Bay,All,0,0,0,1635,0
Colebee,All,0,0,0,1092,0
Coledale,All,0,0,0,2951,0
Collaroy (NSW),All,0,0,0,1050,0
Collaroy Plateau,All,0,0,0,4046,0
Collingwood (NSW),All,0,0,0,3244,0
Colo (Hawkesbury - NSW),All,0,0,0,4195,0
Colo Heights,All,0,0,0,2108,0
Colo Vale,All,0,0,0,1889,0
Colongra,All,0,0,0,3344,0
Colyton,All,0,0,0,2647,0
Comberton,All,0,0,0,4367,0
Comerong Island,All,0,0,0,3354,0
Como (NSW),All,0,0,0,3493,0
Concord,All,0,0,0,1275,0
Concord West,All,0,0,0,4992,0
Condell Park,All,0,0,0,4054,0
Congewai,All,0,0,0,2982,0
Coniston,All,0,0,0,1417,0
Connells Point,All,0,0,0,2268,0
Constitution Hill,All,0,0,0,4233,0
Coogee (NSW),All,0,0,0,1268,0
Cooks Gap,All,0,0,0,3880,0
Cooks Hill,All,0,0,0,2917,0
Coolangatta (NSW),All,0,0,0,3920,0
Coolumburra,All,0,0,0,1714,0
Cooranbong,All,0,0,0,4354,0
Cooyal,All,0,0,0,4892,0
Copacabana,All,0,0,0,2457,0
Cope,All,0,0,0,3863,0
Cordeaux,All,0,0,0,3819,0
Cordeaux Heights,All,0,0,0,4774,0
Corlette,All,0,0,0,3417,0
Corney Town,All,0,0,0,2910,0
Cornwallis,All,0,0,0,3636,0
Corrabare,All,0,0,0,1520,0
Corrimal,All,0,0,0,3312,0
Cottage Point,All,0,0,0,1846,0
Couridjah,All,0,0,0,1102,0
Cow Flat,All,0,0,0,1740,0
Cowan,All,0,0,0,4027,0
Coxs Creek,All,0,0,0,4631,0
Coxs Crown,All,0,0,0,2114,0
Cranebrook,All,0,0,0,2477,0
Crangan Bay,All,0,0,0,1503,0
Crawford River,All,0,0,0,2664,0
Cremorne (NSW),All,0,0,0,4710,0
Cremorne Point,All,0,0,0,4596,0
Cringila,All,0,0,0,1680,0
Cromer (NSW),All,0,0,0,2053,0
Cronulla,All,0,0,0,1175,0
Croom,All,0,0,0,3989,0
Cross Roads (NSW),All,0,0,0,4046,0
Croudace Bay,All,0,0,0,2721,0
Crows Nest (NSW),All,0,0,0,2627,0
Croydon (NSW),All,0,0,0,1016,0
Croydon Park (NSW),All,0,0,0,4875,0
Crudine,All,0,0,0,1131,0
Cudgegong,All,0,0,0,3553,0
Cudmirrah,All,0,0,0,2456,0
Culburra Beach,All,0,0,0,1254,0
Cullen Bullen,All,0,0,0,1872,0
Cullenbone,All,0,0,0,1593,0
Cumbandry,All,0,0,0,4124,0
Cumberland Reach,All,0,0,0,1419,0
Cumbo,All,0,0,0,1742,0
Curl Curl,All,0,0,0,2958,0
Curramore (NSW),All,0,0,0,3561,0
Currans Hill,All,0,0,0,3335,0
Currarong,All,0,0,0,4190,0
Curraweela,All,0,0,0,4553,0
Dabee,All,0,0,0,2683,0
Daceyville,All,0,0,0,4035,0
Dairy Arm,All,0,0,0,2061,0
Daleys Point,All,0,0,0,1026,0
Dalswinton,All,0,0,0,1961,0
Dalwood (Singleton - NSW),All,0,0,0,1980,0
Dangar Island,All,0,0,0,3984,0
Dapto,All,0,0,0,4400,0
Dargan,All,0,0,0,4169,0
Dark Corner,All,0,0,0,2145,0
Darkes Forest,All,0,0,0,2047,0
Darling Point,All,0,0,0,2073,0
Darlinghurst,All,0,0,0,2001,0
Darlington (Singleton - NSW),All,0,0,0,1026,0
Darlington (Sydney - NSW),All,0,0,0,4074,0
Dartbrook,All,0,0,0,1845,0
Davidson,All,0,0,0,3279,0
Davis Creek,All,0,0,0,4388,0
Davistown,All,0,0,0,2559,0
Dawes Point,All,0,0,0,1413,0
Dean Park,All,0,0,0,2955,0
Dee Why,All,0,0,0,1184,0
Denham Court,All,0,0,0,1080,0
Denistone,All,0,0,0,2860,0
Denistone East,All,0,0,0,2870,0
Denistone West,All,0,0,0,4264,0
Denman,All,0,0,0,2598,0
Dharruk,All,0,0,0,4412,0
Doctors Gap,All,0,0,0,1649,0
Dog Rocks,All,0,0,0,1975,0
Dolans Bay,All,0,0,0,1799,0
Dolls Point,All,0,0,0,1101,0
Dombarton,All,0,0,0,4873,0
Doonside,All,0,0,0,1608,0
Dooralong,All,0,0,0,1153,0
Dora Creek,All,0,0,0,4972,0
Double Bay,All,0,0,0,3512,0
Douglas Park,All,0,0,0,1924,0
Dover Heights,All,0,0,0,3506,0
Doyalson,All,0,0,0,1916,0
Doyalson North,All,0,0,0,1667,0
Doyles Creek,All,0,0,0,2773,0
Drummoyne,All,0,0,0,2657,0
Duckenfield,All,0,0,0,4200,0
Duckmaloi,All,0,0,0,1777,0
Dudley,All,0,0,0,2755,0
Duffys Forest,All,0,0,0,1447,0
Dulwich Hill,All,0,0,0,1348,0
Dundas (NSW),All,0,0,0,1795,0
Dundas Valley,All,0,0,0,2362,0
Dungeree,All,0,0,0,2454,0
Dungog,All,0,0,0,3303,0
Dunkeld (NSW),All,0,0,0,3724,0
Dunmore (NSW),All,0,0,0,2123,0
Dunolly (NSW),All,0,0,0,1391,0
Duns Creek,All,0,0,0,1009,0
Dunville Loop,All,0,0,0,2211,0
Dural (Hornsby - NSW),All,0,0,0,3577,0
Dural (Singleton - NSW),All,0,0,0,2427,0
Duramana,All,0,0,0,4430,0
Durren Durren,All,0,0,0,1151,0
Dyrring,All,0,0,0,4447,0
Eagle Vale,All,0,0,0,4376,0
Eagleton,All,0,0,0,4880,0
Earlwood,All,0,0,0,3785,0
East Branxton,All,0,0,0,3799,0
East Corrimal,All,0,0,0,4436,0
East Gosford,All,0,0,0,1638,0
East Gresford,All,0,0,0,3783,0
East Hills,All,0,0,0,2753,0
East Kangaloon,All,0,0,0,4537,0
East Killara,All,0,0,0,1471,0
East Kurrajong,All,0,0,0,2564,0
East Lindfield,All,0,0,0,2501,0
East Maitland,All,0,0,0,1619,0
East Ryde,All,0,0,0,1304,0
East Seaham,All,0,0,0,4503,0
Eastern Creek,All,0,0,0,1163,0
Eastgardens,All,0,0,0,3615,0
Eastlakes,All,0,0,0,1957,0
Eastwood (NSW),All,0,0,0,1458,0
Ebenezer (NSW),All,0,0,0,2969,0
Eccleston,All,0,0,0,1422,0
Edderton,All,0,0,0,3190,0
Edensor Park,All,0,0,0,3471,0
Edgecliff,All,0,0,0,3923,0
Edgeworth,All,0,0,0,4085,0
Edith (NSW),All,0,0,0,2208,0
Edmondson Park,All,0,0,0,2072,0
Eglinton (NSW),All,0,0,0,3198,0
Elanora Heights,All,0,0,0,4673,0
Elderslie (Camden - NSW),All,0,0,0,1155,0
Elderslie (Singleton - NSW),All,0,0,0,3790,0
Eleebana,All,0,0,0,3671,0
Elermore Vale,All,0,0,0,3842,0
Elizabeth Bay,All,0,0,0,3235,0
Elizabeth Beach,All,0,0,0,3619,0
Elizabeth Hills,All,0,0,0,3012,0
Ellalong,All,0,0,0,2029,0
Ellis Lane,All,0,0,0,3454,0
Elrington,All,0,0,0,3553,0
Elvina Bay,All,0,0,0,2434,0
Emerton,All,0,0,0,1703,0
Empire Bay,All,0,0,0,1551,0
Emu Heights (NSW),All,0,0,0,4575,0
Emu Plains,All,0,0,0,1185,0
Enfield (NSW),All,0,0,0,2405,0
Engadine,All,0,0,0,4924,0
Englorie Park,All,0,0,0,2097,0
Enmore (Inner West - NSW),All,0,0,0,4758,0
Epping (NSW),All,0,0,0,4172,0
Eraring,All,0,0,0,3152,0
Erina,All,0,0,0,4247,0
Erina Heights,All,0,0,0,4288,0
Ermington,All,0,0,0,4795,0
Erowal Bay,All,0,0,0,4413,0
Erskine Park,All,0,0,0,4457,0
Erskineville,All,0,0,0,3761,0
Erudgere,All,0,0,0,4184,0
Eschol Park,All,0,0,0,1046,0
Essington,All,0,0,0,3708,0
Ettalong Beach,All,0,0,0,1110,0
Ettrema,All,0,0,0,2544,0
Eurunderee,All,0,0,0,2654,0
Eveleigh,All,0,0,0,3142,0
Exeter (NSW),All,0,0,0,3631,0
Fairfield (NSW),All,0,0,0,3802,0
Fairfield East,All,0,0,0,4455,0
Fairfield Heights,All,0,0,0,3275,0
Fairfield West,All,0,0,0,3406,0
Fairlight,All,0,0,0,2239,0
Fairy Meadow,All,0,0,0,2784,0
Falbrook,All,0,0,0,4137,0
Falls Creek (NSW),All,0,0,0,2802,0
Far Meadow,All,0,0,0,3628,0
Farley,All,0,0,0,1826,0
Farmborough Heights,All,0,0,0,2464,0
Fassifern (NSW),All,0,0,0,3913,0
Faulconbridge,All,0,0,0,1795,0
Fennell Bay,All,0,0,0,2600,0
Fern Bay,All,0,0,0,1811,0
Fern Gully,All,0,0,0,4961,0
Fernances,All,0,0,0,3453,0
Fernances Crossing,All,0,0,0,2931,0
Fernhill,All,0,0,0,4988,0
Ferodale,All,0,0,0,1146,0
Fiddletown,All,0,0,0,4638,0
Figtree,All,0,0,0,4467,0
Fingal Bay,All,0,0,0,2896,0
Fishermans Bay,All,0,0,0,2382,0
Fishermans Paradise,All,0,0,0,4896,0
Fishers Hill,All,0,0,0,3720,0
Fishing Point,All,0,0,0,3554,0
Fitzroy Falls,All,0,0,0,4834,0
Five Dock,All,0,0,0,1926,0
Flat Tops,All,0,0,0,4670,0
Fletcher (NSW),All,0,0,0,1957,0
Flinders (NSW),All,0,0,0,2443,0
Floraville,All,0,0,0,4549,0
Fordwich,All,0,0,0,1079,0
Forest Glen (NSW),All,0,0,0,4379,0
Forest Grove (NSW),All,0,0,0,3714,0
Forest Lodge,All,0,0,0,3607,0
Forestville (NSW),All,0,0,0,3982,0
Forresters Beach,All,0,0,0,3382,0
Fosters Valley,All,0,0,0,3758,0
Fosterton,All,0,0,0,2113,0
Fountaindale,All,0,0,0,1072,0
Foxground,All,0,0,0,3120,0
Frazer Park,All,0,0,0,2710,0
Freemans,All,0,0,0,3134,0
Freemans Reach,All,0,0,0,2296,0
Freemans Waterhole,All,0,0,0,3951,0
Frenchs Forest,All,0,0,0,3101,0
Freshwater (NSW),All,0,0,0,4899,0
Frog Rock,All,0,0,0,1055,0
Fullerton Cove,All,0,0,0,2971,0
Galambine,All,0,0,0,2372,0
Galston,All,0,0,0,3662,0
Ganbenang,All,0,0,0,1839,0
Garden Suburb,All,0,0,0,2713,0
Garland Valley,All,0,0,0,3051,0
Gateshead,All,0,0,0,4803,0
Gemalla,All,0,0,0,2419,0
Georges Hall,All,0,0,0,2383,0
Georgetown (NSW),All,0,0,0,3766,0
Gerringong,All,0,0,0,4831,0
Gerroa,All,0,0,0,2756,0
Giants Creek,All,0,0,0,1926,0
Gilead,All,0,0,0,4574,0
Gillieston Heights,All,0,0,0,2629,0
Ginghi,All,0,0,0,3921,0
Gingkin,All,0,0,0,2383,0
Girraween (NSW),All,0,0,0,2995,0
Girvan,All,0,0,0,4681,0
Gladesville,All,0,0,0,3062,0
Glanmire (NSW),All,0,0,0,1183,0
Glebe (NSW),All,0,0,0,3694,0
Gledswood Hills,All,0,0,0,4536,0
Glen Alice,All,0,0,0,2207,0
Glen Alpine,All,0,0,0,1962,0
Glen Davis,All,0,0,0,4150,0
Glen Martin,All,0,0,0,1895,0
Glen Oak,All,0,0,0,1885,0
Glen William,All,0,0,0,1307,0
Glenbawn,All,0,0,0,4248,0
Glenbrook,All,0,0,0,3514,0
Glendale (NSW),All,0,0,0,4437,0
Glendenning,All,0,0,0,1735,0
Glendon,All,0,0,0,3168,0
Glendon Brook,All,0,0,0,3293,0
Glenfield (NSW),All,0,0,0,3537,0
Glenhaven,All,0,0,0,3157,0
Glenmore (NSW),All,0,0,0,2696,0
Glenmore Park,All,0,0,0,2478,0
Glennies Creek,All,0,0,0,1014,0
Glenning Valley,All,0,0,0,2468,0
Glenorie,All,0,0,0,1391,0
Glenquarry,All,0,0,0,4976,0
Glenridding,All,0,0,0,2174,0
Glenwood (NSW),All,0,0,0,2271,0
Glenworth Valley,All,0,0,0,4196,0
Glossodia,All,0,0,0,2613,0
Good Forest,All,0,0,0,2782,0
Goorangoola,All,0,0,0,3269,0
Gordon (NSW),All,0,0,0,2112,0
Gormans Hill,All,0,0,0,1150,0
Gorokan,All,0,0,0,4785,0
Gosford,All,0,0,0,3441,0
Gosforth,All,0,0,0,2668,0
Goulburn,All,0,0,0,3048,0
Gouldsville,All,0,0,0,1139,0
Gowrie (Singleton - NSW),All,0,0,0,1181,0
Granville (NSW),All,0,0,0,3871,0
Grasmere,All,0,0,0,4951,0
Grattai,All,0,0,0,2376,0
Grays Point,All,0,0,0,3572,0
Great Mackerel Beach,All,0,0,0,4887,0
Green Gully (NSW),All,0,0,0,4646,0
Green Point (Central Coast - NSW),All,0,0,0,1448,0
Green Point (Gosford - NSW),All,0,0,0,1066,0
Green Valley (NSW),All,0,0,0,2808,0
Greenacre,All,0,0,0,3056,0
Greendale (Liverpool - NSW),All,0,0,0,3766,0
Greenfield Park,All,0,0,0,3189,0
Greengrove,All,0,0,0,4638,0
Greenhills Beach,All,0,0,0,1796,0
Greenlands (Singleton - NSW),All,0,0,0,1319,0
Greenwell Point,All,0,0,0,3447,0
Greenwich,All,0,0,0,1956,0
Greenwich Park,All,0,0,0,4899,0
Gregory Hills,All,0,0,0,1814,0
Gresford,All,0,0,0,4882,0
Greta (NSW),All,0,0,0,1250,0
Greta Main,All,0,0,0,3797,0
Greystanes,All,0,0,0,3369,0
Grose Vale,All,0,0,0,2679,0
Grose Wold,All,0,0,0,4567,0
Growee,All,0,0,0,3582,0
Guildford (NSW),All,0,0,0,1567,0
Guildford West,All,0,0,0,3228,0
Gulgong,All,0,0,0,4039,0
Gundary,All,0,0,0,1922,0
Gunderman,All,0,0,0,1146,0
Gungal,All,0,0,0,4339,0
Gurnang,All,0,0,0,2928,0
Gwandalan,All,0,0,0,2061,0
Gwynneville,All,0,0,0,4906,0
Gymea,All,0,0,0,1335,0
Gymea Bay,All,0,0,0,3129,0
Haberfield,All,0,0,0,1686,0
Halekulani,All,0,0,0,3817,0
Halloran,All,0,0,0,2613,0
Halton,All,0,0,0,4499,0
Hambledon Hill,All,0,0,0,4657,0
Hamilton (NSW),All,0,0,0,1703,0
Hamilton East,All,0,0,0,3210,0
Hamilton North,All,0,0,0,1195,0
Hamilton South,All,0,0,0,1103,0
Hamlyn Terrace,All,0,0,0,4671,0
Hammondville,All,0,0,0,1652,0
Hampton (NSW),All,0,0,0,2104,0
Hanleys Creek,All,0,0,0,4144,0
Hardys Bay,All,0,0,0,2196,0
Harpers Hill,All,0,0,0,3602,0
Harrington Park,All,0,0,0,4856,0
Harris Park,All,0,0,0,1079,0
Hartley (NSW),All,0,0,0,2701,0
Hartley Vale,All,0,0,0,2890,0
Hassall Grove,All,0,0,0,1300,0
Hassans Walls,All,0,0,0,3964,0
Havilah (NSW),All,0,0,0,1457,0
Hawkesbury Heights,All,0,0,0,3421,0
Hawks Nest,All,0,0,0,1299,0
Hayes Gap,All,0,0,0,2780,0
Haymarket,All,0,0,0,4592,0
Haywards Bay,All,0,0,0,1594,0
Hazelbrook,All,0,0,0,1521,0
Hazelgrove,All,0,0,0,1730,0
Heathcote (NSW),All,0,0,0,4931,0
Heatherbrae,All,0,0,0,3277,0
Hebden,All,0,0,0,2878,0
Hebersham,All,0,0,0,4191,0
Heckenberg,All,0,0,0,1175,0
Heddon Greta,All,0,0,0,3164,0
Helensburgh,All,0,0,0,2501,0
Henley,All,0,0,0,3139,0
Hermitage Flat,All,0,0,0,1373,0
Hexham (NSW),All,0,0,0,1496,0
High Range,All,0,0,0,1975,0
Higher Macdonald,All,0,0,0,3766,0
Highfields (NSW),All,0,0,0,3669,0
Hill End (NSW),All,0,0,0,1128,0
Hill Top (Wingecarribee - NSW),All,0,0,0,4577,0
Hilldale,All,0,0,0,2974,0
Hillsborough (Lake Macquarie - NSW),All,0,0,0,4313,0
Hillsborough (Maitland - NSW),All,0,0,0,1351,0
Hillsdale,All,0,0,0,4044,0
Hinchinbrook (NSW),All,0,0,0,3382,0
Hinton,All,0,0,0,1456,0
Hobartville (NSW),All,0,0,0,1906,0
Holgate,All,0,0,0,3878,0
Hollydeen,All,0,0,0,3835,0
Holmesville,All,0,0,0,4738,0
Holroyd,All,0,0,0,3498,0
Holsworthy,All,0,0,0,2599,0
Home Rule,All,0,0,0,2997,0
Homebush (NSW),All,0,0,0,1528,0
Homebush West,All,0,0,0,1951,0
Horningsea Park,All,0,0,0,1154,0
Hornsby,All,0,0,0,4588,0
Hornsby Heights,All,0,0,0,2544,0
Horseshoe Bend,All,0,0,0,3648,0
Horsfield Bay,All,0,0,0,4034,0
Horsley,All,0,0,0,4325,0
Horsley Park,All,0,0,0,1567,0
Howes Valley,All,0,0,0,3889,0
Howick (NSW),All,0,0,0,1503,0
Hoxton Park,All,0,0,0,3039,0
Hunters Hill,All,0,0,0,2100,0
Hunterview,All,0,0,0,3550,0
Huntingwood,All,0,0,0,4170,0
Huntley (Wollongong - NSW),All,0,0,0,3213,0
Huntleys Cove,All,0,0,0,4720,0
Huntleys Point,All,0,0,0,3954,0
Hurlstone Park,All,0,0,0,4022,0
Hurstville,All,0,0,0,1858,0
Hurstville Grove,All,0,0,0,4612,0
Huskisson,All,0,0,0,2361,0
Hyams Beach,All,0,0,0,2545,0
Ilford,All,0,0,0,4287,0
Illaroo,All,0,0,0,4157,0
Illawong,All,0,0,0,3566,0
Ingleburn,All,0,0,0,3322,0
Ingleside,All,0,0,0,4600,0
Islington,All,0,0,0,3484,0
Jamberoo,All,0,0,0,1866,0
Jamisontown,All,0,0,0,3785,0
Jannali,All,0,0,0,4618,0
Jaspers Brush,All,0,0,0,2791,0
Jaunter,All,0,0,0,1523,0
Jenolan,All,0,0,0,4462,0
Jerrara,All,0,0,0,2493,0
Jerrawangala,All,0,0,0,4669,0
Jerrong,All,0,0,0,3303,0
Jerrys Plains,All,0,0,0,2357,0
Jesmond,All,0,0,0,1731,0
Jewells,All,0,0,0,3955,0
Jilliby,All,0,0,0,1262,0
Joadja,All,0,0,0,3112,0
Jordan Springs,All,0,0,0,2432,0
Kahibah,All,0,0,0,4429,0
Kains Flat,All,0,0,0,1788,0
Kanahooka,All,0,0,0,4673,0
Kanangra,All,0,0,0,1358,0
Kandos,All,0,0,0,4610,0
Kangaloon,All,0,0,0,4616,0
Kangaroo Point (NSW),All,0,0,0,4025,0
Kangaroo Valley,All,0,0,0,4100,0
Kangy Angy,All,0,0,0,1832,0
Kanimbla (NSW),All,0,0,0,3239,0
Kanwal,All,0,0,0,2057,0
Kareela,All,0,0,0,4979,0
Kariong,All,0,0,0,1450,0
Karuah,All,0,0,0,3821,0
Katoomba,All,0,0,0,2701,0
Kayuga,All,0,0,0,1908,0
Kearns,All,0,0,0,4732,0
Kearsley,All,0,0,0,2819,0
Keinbah,All,0,0,0,2993,0
Keiraville,All,0,0,0,2258,0
Kellyville,All,0,0,0,4647,0
Kellyville Ridge,All,0,0,0,1648,0
Kelso (NSW),All,0,0,0,3188,0
Kembla Grange,All,0,0,0,1787,0
Kembla Heights,All,0,0,0,1967,0
Kemps Creek,All,0,0,0,4295,0
Kensington (NSW),All,0,0,0,2133,0
Kenthurst,All,0,0,0,1049,0
Kentlyn,All,0,0,0,3603,0
Kerrabee,All,0,0,0,2005,0
Kiama,All,0,0,0,1430,0
Kiama Downs,All,0,0,0,2896,0
Kiama Heights,All,0,0,0,4300,0
Kiar,All,0,0,0,4082,0
Kilaben Bay,All,0,0,0,1931,0
Killara (NSW),All,0,0,0,1221,0
Killarney Heights,All,0,0,0,3810,0
Killarney Vale,All,0,0,0,3754,0
Killcare,All,0,0,0,4304,0
Killcare Heights,All,0,0,0,2972,0
Killingworth (NSW),All,0,0,0,3219,0
Kincumber,All,0,0,0,3115,0
Kincumber South,All,0,0,0,3312,0
Kingfisher Shores,All,0,0,0,2702,0
Kinghorne,All,0,0,0,1718,0
Kings Langley,All,0,0,0,2362,0
Kings Park (NSW),All,0,0,0,2410,0
Kingsdale,All,0,0,0,4673,0
Kingsford (NSW),All,0,0,0,4029,0
Kingsgrove,All,0,0,0,2541,0
Kingswood (Penrith - NSW),All,0,0,0,1411,0
Kirkconnell,All,0,0,0,3469,0
Kirkham,All,0,0,0,1622,0
Kirrawee,All,0,0,0,4110,0
Kirribilli,All,0,0,0,1751,0
Kitchener,All,0,0,0,4033,0
Knights Hill,All,0,0,0,2588,0
Kogarah,All,0,0,0,1151,0
Kogarah Bay,All,0,0,0,4512,0
Koolewong,All,0,0,0,4505,0
Koonawarra,All,0,0,0,2175,0
Kooragang,All,0,0,0,1844,0
Kotara,All,0,0,0,3907,0
Kotara South,All,0,0,0,4780,0
Ku-Ring-Gai Chase,All,0,0,0,4893,0
Kulnura,All,0,0,0,1206,0
Kurmond,All,0,0,0,3018,0
Kurnell,All,0,0,0,3321,0
Kurraba Point,All,0,0,0,2082,0
Kurrajong,All,0,0,0,4587,0
Kurrajong Heights,All,0,0,0,3836,0
Kurrajong Hills,All,0,0,0,1706,0
Kurri Kurri,All,0,0,0,2015,0
Kyeemagh,All,0,0,0,1787,0
Kyle Bay,All,0,0,0,3311,0
La Perouse,All,0,0,0,2485,0
Laffing Waters,All,0,0,0,1579,0
Laguna,All,0,0,0,2106,0
Lake Haven,All,0,0,0,1058,0
Lake Heights,All,0,0,0,2727,0
Lake Illawarra,All,0,0,0,1186,0
Lake Macquarie,All,0,0,0,4756,0
Lake Munmorah,All,0,0,0,2077,0
Lakelands (NSW),All,0,0,0,1966,0
Lakemba,All,0,0,0,2127,0
Lakesland,All,0,0,0,4846,0
Lalor Park,All,0,0,0,2539,0
Lambs Valley (Singleton - NSW),All,0,0,0,3371,0
Lambton,All,0,0,0,4746,0
Lane Cove,All,0,0,0,1995,0
Lane Cove North,All,0,0,0,3343,0
Lane Cove West,All,0,0,0,3151,0
Lansdowne (Canterbury-Bankstown - NSW),All,0,0,0,2712,0
Lansvale,All,0,0,0,3672,0
Lapstone,All,0,0,0,3119,0
Largs,All,0,0,0,1146,0
Laughtondale,All,0,0,0,1832,0
Lavender Bay,All,0,0,0,2515,0
Lawson (NSW),All,0,0,0,4195,0
Leadville,All,0,0,0,2371,0
Leconfield,All,0,0,0,4303,0
Lee Creek,All,0,0,0,3449,0
Leets Vale,All,0,0,0,4250,0
Leichhardt (NSW),All,0,0,0,3203,0
Lemington,All,0,0,0,4077,0
Lemon Tree,All,0,0,0,1962,0
Lemon Tree Passage,All,0,0,0,2759,0
Len Waters Estate,All,0,0,0,3974,0
Lenaghan,All,0,0,0,2259,0
Leonay,All,0,0,0,2873,0
Leppington,All,0,0,0,3717,0
Lethbridge Park,All,0,0,0,4026,0
Leumeah,All,0,0,0,2998,0
Leura,All,0,0,0,2418,0
Lewinsbrook,All,0,0,0,2415,0
Lewisham (NSW),All,0,0,0,2049,0
Liberty Grove,All,0,0,0,1404,0
Lidcombe,All,0,0,0,4713,0
Liddell,All,0,0,0,3618,0
Lidsdale,All,0,0,0,1994,0
Lilli Pilli (Sutherland Shire - NSW),All,0,0,0,3690,0
Lilyfield,All,0,0,0,2035,0
Lilyvale (NSW),All,0,0,0,1235,0
Limeburners Creek (Mid-Coast - NSW),All,0,0,0,1802,0
Limekilns,All,0,0,0,1570,0
Linburn,All,0,0,0,2305,0
Linden (NSW),All,0,0,0,2287,0
Lindfield,All,0,0,0,1966,0
Linley Point,All,0,0,0,1696,0
Lisarow,All,0,0,0,4378,0
Lithgow,All,0,0,0,2628,0
Little Bay,All,0,0,0,1781,0
Little Hartley,All,0,0,0,4346,0
Little Jilliby,All,0,0,0,3875,0
Little Pelican,All,0,0,0,3177,0
Little Wobby,All,0,0,0,1890,0
Littleton,All,0,0,0,2621,0
Liverpool,All,0,0,0,3111,0
Llanarth (NSW),All,0,0,0,2609,0
Llandilo,All,0,0,0,4096,0
Lochinvar,All,0,0,0,1375,0
Locksley (NSW),All,0,0,0,3639,0
Loftus,All,0,0,0,3346,0
Londonderry (NSW),All,0,0,0,2658,0
Long Jetty,All,0,0,0,1203,0
Long Point (Campbelltown - NSW),All,0,0,0,4398,0
Long Point (Singleton - NSW),All,0,0,0,2041,0
Longreach (NSW),All,0,0,0,2503,0
Longueville,All,0,0,0,1830,0
Lord Howe Island,All,0,0,0,3678,0
Lorn,All,0,0,0,2500,0
Lostock,All,0,0,0,1238,0
Louth Park,All,0,0,0,2944,0
Lovedale,All,0,0,0,4367,0
Lovett Bay,All,0,0,0,4663,0
Lower Belford,All,0,0,0,1225,0
Lower Macdonald,All,0,0,0,1328,0
Lower Mangrove,All,0,0,0,2204,0
Lower Portland,All,0,0,0,4041,0
Lowther,All,0,0,0,1766,0
Loxford,All,0,0,0,2979,0
Lucas Heights,All,0,0,0,4715,0
Luddenham,All,0,0,0,1056,0
Lue,All,0,0,0,3090,0
Lugarno,All,0,0,0,2338,0
Lurnea,All,0,0,0,1907,0
Luskintyre,All,0,0,0,2962,0
Macmasters Beach,All,0,0,0,2914,0
Macquarie Fields,All,0,0,0,1389,0
Macquarie Hills,All,0,0,0,3771,0
Macquarie Links,All,0,0,0,3627,0
Macquarie Park,All,0,0,0,4496,0
Macquarie Pass,All,0,0,0,3186,0
Maddens Plains,All,0,0,0,2744,0
Magenta (NSW),All,0,0,0,1163,0
Maianbar,All,0,0,0,1951,0
Main Creek,All,0,0,0,3632,0
Maison Dieu,All,0,0,0,2875,0
Maitland (NSW),All,0,0,0,4134,0
Maitland Bar,All,0,0,0,2688,0
Maitland Vale,All,0,0,0,1173,0
Malabar,All,0,0,0,1709,0
Maldon (NSW),All,0,0,0,2079,0
Mallabula,All,0,0,0,4691,0
Manchester Square,All,0,0,0,1581,0
Mandalong,All,0,0,0,2567,0
Mandemar,All,0,0,0,1153,0
Mangerton,All,0,0,0,4098,0
Mangoola,All,0,0,0,2962,0
Mangrove Creek,All,0,0,0,1562,0
Mangrove Mountain,All,0,0,0,1114,0
Manly (NSW),All,0,0,0,4124,0
Manly Vale,All,0,0,0,4352,0
Mannering Park,All,0,0,0,1049,0
Manobalai,All,0,0,0,1138,0
Maraylya,All,0,0,0,1404,0
Marayong,All,0,0,0,2124,0
Mardi,All,0,0,0,3718,0
Marks Point,All,0,0,0,3593,0
Markwell,All,0,0,0,3350,0
Marlow,All,0,0,0,3643,0
Marmong Point,All,0,0,0,1854,0
Maroota,All,0,0,0,3085,0
Maroubra,All,0,0,0,4511,0
Marrangaroo,All,0,0,0,3000,0
Marrickville,All,0,0,0,4088,0
Marsden Park,All,0,0,0,2664,0
Marsfield,All,0,0,0,4160,0
Marshall Mount,All,0,0,0,1565,0
Marshdale,All,0,0,0,1196,0
Martindale,All,0,0,0,3230,0
Martins Creek,All,0,0,0,4998,0
Martinsville,All,0,0,0,2893,0
Marulan,All,0,0,0,1464,0
Maryland (Newcastle - NSW),All,0,0,0,3696,0
Maryville,All,0,0,0,3274,0
Mascot,All,0,0,0,3804,0
Matcham,All,0,0,0,3031,0
Matraville,All,0,0,0,3128,0
Mayers Flat,All,0,0,0,4152,0
Mayfield (Newcastle - NSW),All,0,0,0,2485,0
Mayfield (Oberon - NSW),All,0,0,0,2334,0
Mayfield (Shoalhaven - NSW),All,0,0,0,4164,0
Mayfield East,All,0,0,0,3462,0
Mayfield North,All,0,0,0,3624,0
Mayfield West,All,0,0,0,2744,0
Mays Hill,All,0,0,0,4098,0
McCullys Gap,All,0,0,0,4791,0
McDougalls Hill,All,0,0,0,2334,0
McGraths Hill,All,0,0,0,1077,0
McKellars Park,All,0,0,0,2346,0
McMahons Point,All,0,0,0,4218,0
Meadow Flat,All,0,0,0,3639,0
Meadowbank (NSW),All,0,0,0,3218,0
Mebul,All,0,0,0,3830,0
Medlow Bath,All,0,0,0,1957,0
Medowie,All,0,0,0,3390,0
Medway,All,0,0,0,4132,0
Megalong Valley,All,0,0,0,2894,0
Mellong,All,0,0,0,4979,0
Melrose Park (NSW),All,0,0,0,1087,0
Melville (NSW),All,0,0,0,4782,0
Menah,All,0,0,0,1785,0
Menai,All,0,0,0,3913,0
Menangle,All,0,0,0,3837,0
Menangle Park,All,0,0,0,4657,0
Merewether,All,0,0,0,3037,0
Merewether Heights,All,0,0,0,4095,0
Meroo,All,0,0,0,2469,0
Meroo Meadow,All,0,0,0,2511,0
Merotherie,All,0,0,0,2474,0
Merrylands,All,0,0,0,4856,0
Merrylands West,All,0,0,0,1105,0
Meryla,All,0,0,0,4639,0
Metford,All,0,0,0,1643,0
Middle Arm,All,0,0,0,1461,0
Middle Cove,All,0,0,0,4628,0
Middle Dural,All,0,0,0,4343,0
Middle Falbrook,All,0,0,0,4724,0
Middleton Grange,All,0,0,0,2393,0
Milbrodale,All,0,0,0,1057,0
Milkers Flat,All,0,0,0,3171,0
Millah Murrah,All,0,0,0,2070,0
Miller,All,0,0,0,3988,0
Millers Forest,All,0,0,0,2350,0
Millers Point,All,0,0,0,2969,0
Millfield,All,0,0,0,4736,0
Milperra,All,0,0,0,2773,0
Milroy (Mid-Western Regional - NSW),All,0,0,0,3759,0
Milsons Passage,All,0,0,0,4362,0
Milsons Point,All,0,0,0,2009,0
Minchinbury,All,0,0,0,3602,0
Mindaribba,All,0,0,0,3478,0
Minmi,All,0,0,0,3092,0
Minnamurra,All,0,0,0,2438,0
Minto,All,0,0,0,1003,0
Minto Heights,All,0,0,0,1435,0
Miranda (NSW),All,0,0,0,2274,0
Mirannie,All,0,0,0,4492,0
Mirrabooka (NSW),All,0,0,0,2985,0
Mitchell (NSW),All,0,0,0,4589,0
Mitchells Flat,All,0,0,0,3948,0
Mittagong,All,0,0,0,3399,0
Mogo (Mid-Western Regional - NSW),All,0,0,0,2886,0
Mogo Creek,All,0,0,0,2699,0
Mona Vale,All,0,0,0,1841,0
Mondayong,All,0,0,0,2456,0
Monivae,All,0,0,0,1738,0
Monkerai,All,0,0,0,1521,0
Monterey,All,0,0,0,3143,0
Moobi,All,0,0,0,2260,0
Moolarben,All,0,0,0,1142,0
Moollattoo,All,0,0,0,1040,0
Moonee,All,0,0,0,3156,0
Mooney Mooney,All,0,0,0,1356,0
Mooney Mooney Creek,All,0,0,0,1598,0
Moore Park,All,0,0,0,2557,0
Moorebank,All,0,0,0,3373,0
Morisset,All,0,0,0,1774,0
Morisset Park,All,0,0,0,1808,0
Morning Bay,All,0,0,0,1097,0
Morpeth,All,0,0,0,3142,0
Mortdale,All,0,0,0,2734,0
Mortlake (NSW),All,0,0,0,2275,0
Morts Estate,All,0,0,0,4058,0
Mosman,All,0,0,0,3838,0
Moss Vale,All,0,0,0,3681,0
Mount Annan,All,0,0,0,2288,0
Mount Colah,All,0,0,0,2118,0
Mount David,All,0,0,0,3847,0
Mount Dee,All,0,0,0,3031,0
Mount Druitt,All,0,0,0,2594,0
Mount Elliot (NSW),All,0,0,0,4095,0
Mount Frome,All,0,0,0,4874,0
Mount Hunter,All,0,0,0,3969,0
Mount Hutton (NSW),All,0,0,0,1603,0
Mount Irvine,All,0,0,0,1259,0
Mount Keira,All,0,0,0,3618,0
Mount Kembla,All,0,0,0,1714,0
Mount Knowles,All,0,0,0,4865,0
Mount Kuring-Gai,All,0,0,0,2877,0
Mount Lambie,All,0,0,0,2664,0
Mount Lewis,All,0,0,0,3644,0
Mount Lindsey,All,0,0,0,4853,0
Mount Marsden,All,0,0,0,1072,0
Mount Murray,All,0,0,0,2026,0
Mount Olive (Oberon - NSW),All,0,0,0,3624,0
Mount Olive (Singleton - NSW),All,0,0,0,3070,0
Mount Ousley,All,0,0,0,1110,0
Mount Panorama,All,0,0,0,1035,0
Mount Pleasant (NSW),All,0,0,0,1859,0
Mount Pritchard,All,0,0,0,2913,0
Mount Rankin,All,0,0,0,4676,0
Mount Rivers,All,0,0,0,4867,0
Mount Riverview,All,0,0,0,4832,0
Mount Royal,All,0,0,0,1451,0
Mount Saint Thomas,All,0,0,0,3904,0
Mount Thorley,All,0,0,0,4865,0
Mount Tomah,All,0,0,0,4926,0
Mount Vernon,All,0,0,0,1139,0
Mount Victoria,All,0,0,0,2797,0
Mount View,All,0,0,0,2600,0
Mount Vincent,All,0,0,0,2943,0
Mount Warrigal,All,0,0,0,1243,0
Mount Werong,All,0,0,0,1668,0
Mount White,All,0,0,0,1387,0
Mount Wilson,All,0,0,0,4424,0
Mountain Lagoon,All,0,0,0,1522,0
Mowbray Park,All,0,0,0,3383,0
Mozart,All,0,0,0,1042,0
Mudgee,All,0,0,0,2135,0
Mulbring,All,0,0,0,4275,0
Mulgoa,All,0,0,0,1043,0
Mulgrave (NSW),All,0,0,0,3845,0
Mullamuddy,All,0,0,0,4146,0
Mundamia,All,0,0,0,2744,0
Munghorn,All,0,0,0,4742,0
Mungo Brush,All,0,0,0,3825,0
Munni,All,0,0,0,3533,0
Murrays Beach,All,0,0,0,2370,0
Murrays Run,All,0,0,0,3329,0
Murrumbo,All,0,0,0,3321,0
Muscle Creek,All,0,0,0,3473,0
Muswellbrook,All,0,0,0,2524,0
Myall Lake,All,0,0,0,3461,0
Myola (NSW),All,0,0,0,1471,0
Myrtleville,All,0,0,0,1278,0
Myuna Bay,All,0,0,0,4026,0
Napoleon Reef,All,0,0,0,1833,0
Narara,All,0,0,0,1491,0
Narellan,All,0,0,0,2445,0
Narellan Vale,All,0,0,0,2197,0
Naremburn,All,0,0,0,3571,0
Narone Creek,All,0,0,0,2760,0
Narrabeen,All,0,0,0,3351,0
Narraweena,All,0,0,0,4844,0
Narwee,All,0,0,0,3831,0
Nattai,All,0,0,0,2184,0
Neath,All,0,0,0,4771,0
Nelson (The Hills Shire - NSW),All,0,0,0,2546,0
Nelson Bay (NSW),All,0,0,0,2183,0
Nelsons Plains,All,0,0,0,4880,0
Nerong,All,0,0,0,1929,0
Neutral Bay,All,0,0,0,2580,0
New Berrima,All,0,0,0,4960,0
New Lambton,All,0,0,0,4563,0
New Lambton Heights,All,0,0,0,1025,0
Newcastle,All,0,0,0,3727,0
Newcastle East,All,0,0,0,4589,0
Newcastle West,All,0,0,0,1598,0
Newington (NSW),All,0,0,0,4067,0
Newnes,All,0,0,0,4800,0
Newnes Plateau,All,0,0,0,2592,0
Newport (NSW),All,0,0,0,4587,0
Newtown (NSW),All,0,0,0,1254,0
Niagara Park,All,0,0,0,4149,0
Nooroo,All,0,0,0,3027,0
Norah Head,All,0,0,0,3497,0
Noraville,All,0,0,0,3884,0
Nords Wharf,All,0,0,0,2814,0
Normanhurst,All,0,0,0,1143,0
North Arm Cove,All,0,0,0,1496,0
North Avoca,All,0,0,0,1295,0
North Balgowlah,All,0,0,0,3153,0
North Bondi,All,0,0,0,1724,0
North Curl Curl,All,0,0,0,2907,0
North Epping,All,0,0,0,4166,0
North Gosford,All,0,0,0,2352,0
North Lambton,All,0,0,0,1268,0
North Macquarie,All,0,0,0,1257,0
North Manly,All,0,0,0,2202,0
North Narrabeen,All,0,0,0,1470,0
North Nowra,All,0,0,0,2696,0
North Parramatta,All,0,0,0,4577,0
North Richmond,All,0,0,0,2217,0
North Rocks,All,0,0,0,1316,0
North Rothbury,All,0,0,0,4512,0
North Ryde,All,0,0,0,3766,0
North St Marys,All,0,0,0,4061,0
North Strathfield,All,0,0,0,1180,0
North Sydney,All,0,0,0,4027,0
North Turramurra,All,0,0,0,4049,0
North Wahroonga,All,0,0,0,1949,0
North Willoughby,All,0,0,0,2559,0
North Wollongong,All,0,0,0,1514,0
Northbridge (NSW),All,0,0,0,2939,0
Northmead,All,0,0,0,1423,0
Northwood (NSW),All,0,0,0,2799,0
Norway,All,0,0,0,4556,0
Nowra,All,0,0,0,1463,0
Nowra Hill,All,0,0,0,1517,0
Nulkaba,All,0,0,0,4323,0
Nullo Mountain,All,0,0,0,1178,0
Numbaa,All,0,0,0,2486,0
O'Connell (NSW),All,0,0,0,1599,0
Oak Flats,All,0,0,0,4276,0
Oakdale (NSW),All,0,0,0,1227,0
Oakey Park,All,0,0,0,1474,0
Oakhampton,All,0,0,0,1162,0
Oakhampton Heights,All,0,0,0,2217,0
Oakhurst (NSW),All,0,0,0,3392,0
Oakville,All,0,0,0,3293,0
Oatlands (NSW),All,0,0,0,1998,0
Oatley,All,0,0,0,1407,0
Obanvale,All,0,0,0,4832,0
Oberon,All,0,0,0,3995,0
Old Erowal Bay,All,0,0,0,2890,0
Old Guildford,All,0,0,0,2970,0
Old Toongabbie,All,0,0,0,3368,0
Olinda (NSW),All,0,0,0,1907,0
Olney,All,0,0,0,2986,0
One Mile (NSW),All,0,0,0,4430,0
Oran Park,All,0,0,0,4545,0
Orangeville,All,0,0,0,2938,0
Orchard Hills,All,0,0,0,1583,0
Orient Point,All,0,0,0,1462,0
Orton Park,All,0,0,0,1037,0
Osterley (NSW),All,0,0,0,1969,0
Oswald,All,0,0,0,4174,0
Otford,All,0,0,0,1282,0
Ourimbah,All,0,0,0,1088,0
Owens Gap,All,0,0,0,3726,0
Oxford Falls,All,0,0,0,1302,0
Oxley Park,All,0,0,0,3718,0
Oyster Bay,All,0,0,0,4140,0
Oyster Cove (NSW),All,0,0,0,2816,0
Paddington (NSW),All,0,0,0,4678,0
Paddys River (Wingecarribee - NSW),All,0,0,0,3904,0
Padstow,All,0,0,0,4944,0
Padstow Heights,All,0,0,0,4773,0
Pagewood,All,0,0,0,3749,0
Paling Yards (Bathurst Regional - NSW),All,0,0,0,4014,0
Paling Yards (Oberon - NSW),All,0,0,0,2723,0
Palm Beach (NSW),All,0,0,0,1140,0
Palm Grove (NSW),All,0,0,0,3417,0
Palmdale (NSW),All,0,0,0,1598,0
Palmers Oaky,All,0,0,0,2749,0
Panania,All,0,0,0,1264,0
Parklea,All,0,0,0,1531,0
Parma,All,0,0,0,2604,0
Parramatta,All,0,0,0,4060,0
Paterson (NSW),All,0,0,0,1735,0
Patonga,All,0,0,0,3420,0
Paxton,All,0,0,0,1100,0
Paynes Crossing,All,0,0,0,3873,0
Peakhurst,All,0,0,0,2886,0
Peakhurst Heights,All,0,0,0,4353,0
Pearl Beach,All,0,0,0,1006,0
Peats Ridge,All,0,0,0,3256,0
Peel,All,0,0,0,2266,0
Pelaw Main,All,0,0,0,1779,0
Pelican (NSW),All,0,0,0,1328,0
Pelton,All,0,0,0,3730,0
Pemulwuy,All,0,0,0,1582,0
Pendle Hill,All,0,0,0,1692,0
Pennant Hills,All,0,0,0,3712,0
Penrith,All,0,0,0,4888,0
Penrose,All,0,0,0,2973,0
Penshurst (NSW),All,0,0,0,4123,0
Perrys Crossing,All,0,0,0,2225,0
Perthville,All,0,0,0,4556,0
Petersham,All,0,0,0,3961,0
Pheasants Nest,All,0,0,0,4106,0
Phegans Bay,All,0,0,0,2712,0
Phillip Bay,All,0,0,0,2397,0
Phoenix Park,All,0,0,0,2834,0
Piambong,All,0,0,0,3766,0
Picketts Valley,All,0,0,0,3809,0
Picnic Point,All,0,0,0,2218,0
Picton (NSW),All,0,0,0,2764,0
Pindimar,All,0,0,0,2872,0
Pinnacle Swamp,All,0,0,0,3997,0
Pinny Beach,All,0,0,0,1224,0
Pitnacree,All,0,0,0,4433,0
Pitt Town,All,0,0,0,1451,0
Pitt Town Bottoms,All,0,0,0,2215,0
Pleasure Point,All,0,0,0,4979,0
Plumpton (NSW),All,0,0,0,2517,0
Point Clare,All,0,0,0,3940,0
Point Frederick,All,0,0,0,3433,0
Point Piper,All,0,0,0,1293,0
Point Wolstoncroft,All,0,0,0,3225,0
Pokolbin,All,0,0,0,1624,0
Port Botany,All,0,0,0,1296,0
Port Hacking,All,0,0,0,4180,0
Port Kembla,All,0,0,0,2046,0
Port Stephens,All,0,0,0,4981,0
Porters Retreat,All,0,0,0,4151,0
Portland (NSW),All,0,0,0,4118,0
Pottery Estate,All,0,0,0,2394,0
Potts Hill,All,0,0,0,1631,0
Potts Point,All,0,0,0,1665,0
Prairiewood,All,0,0,0,2554,0
Prestons,All,0,0,0,2042,0
Pretty Beach (Central Coast - NSW),All,0,0,0,4825,0
Primbee,All,0,0,0,3252,0
Prospect (NSW),All,0,0,0,3326,0
Punchbowl (Canterbury-Bankstown - NSW),All,0,0,0,1076,0
Putney,All,0,0,0,1804,0
Putta Bucca,All,0,0,0,3863,0
Putty,All,0,0,0,3354,0
Pyangle,All,0,0,0,4758,0
Pymble,All,0,0,0,2978,0
Pyramul,All,0,0,0,2685,0
Pyree,All,0,0,0,3025,0
Pyrmont,All,0,0,0,4407,0
Quakers Hill,All,0,0,0,3882,0
Queens Park (NSW),All,0,0,0,4827,0
Queens Pinch,All,0,0,0,2254,0
Queenscliff (NSW),All,0,0,0,4845,0
Quialigo,All,0,0,0,1672,0
Quiera,All,0,0,0,4982,0
Quorrobolong,All,0,0,0,1148,0
Raby,All,0,0,0,2764,0
Raglan (NSW),All,0,0,0,1220,0
Ramsgate,All,0,0,0,2036,0
Ramsgate Beach,All,0,0,0,3408,0
Randwick,All,0,0,0,1910,0
Rankin Park,All,0,0,0,3319,0
Rathmines,All,0,0,0,4549,0
Ravensdale,All,0,0,0,1258,0
Ravensworth (NSW),All,0,0,0,1245,0
Raworth,All,0,0,0,3951,0
Raymond Terrace,All,0,0,0,3166,0
Razorback,All,0,0,0,1311,0
Red Rocks,All,0,0,0,2313,0
Redbournberry,All,0,0,0,4164,0
Redfern,All,0,0,0,3228,0
Redhead,All,0,0,0,1707,0
Reedy Creek (NSW),All,0,0,0,2878,0
Regents Park (NSW),All,0,0,0,3696,0
Regentville,All,0,0,0,1175,0
Renwick,All,0,0,0,3663,0
Revesby,All,0,0,0,2703,0
Revesby Heights,All,0,0,0,2226,0
Rhodes,All,0,0,0,3618,0
Richlands (NSW),All,0,0,0,1481,0
Richmond (NSW),All,0,0,0,3721,0
Richmond Lowlands,All,0,0,0,2136,0
Richmond Vale,All,0,0,0,1729,0
Riverlea,All,0,0,0,2979,0
Riverstone,All,0,0,0,4344,0
Riverview (NSW),All,0,0,0,1341,0
Riverwood,All,0,0,0,1231,0
Rixs Creek,All,0,0,0,2040,0
Robertson (NSW),All,0,0,0,4317,0
Robin Hill,All,0,0,0,1722,0
Rockdale,All,0,0,0,1277,0
Rockley Mount,All,0,0,0,3098,0
Rocky Point (NSW),All,0,0,0,1851,0
Rodd Point,All,0,0,0,1637,0
Rookwood (NSW),All,0,0,0,4671,0
Rooty Hill,All,0,0,0,4583,0
Ropes Crossing,All,0,0,0,3250,0
Rose Bay (NSW),All,0,0,0,4418,0
Rose Valley (Kiama - NSW),All,0,0,0,4400,0
Rosebery (NSW),All,0,0,0,2503,0
Rosebrook (NSW),All,0,0,0,1659,0
Rosehill (NSW),All,0,0,0,2199,0
Roselands,All,0,0,0,1196,0
Rosemeadow,All,0,0,0,3839,0
Roseville,All,0,0,0,4736,0
Roseville Chase,All,0,0,0,2523,0
Rossgole,All,0,0,0,1947,0
Rossmore (NSW),All,0,0,0,2483,0
Rouchel,All,0,0,0,3995,0
Rouchel Brook,All,0,0,0,3964,0
Roughit,All,0,0,0,1066,0
Round Swamp,All,0,0,0,1596,0
Rouse Hill,All,0,0,0,1241,0
Royal National Park,All,0,0,0,4511,0
Rozelle,All,0,0,0,4318,0
Run-o-Waters,All,0,0,0,4334,0
Running Stream,All,0,0,0,2121,0
Ruse,All,0,0,0,1357,0
Rushcutters Bay,All,0,0,0,4813,0
Russell Lea,All,0,0,0,1263,0
Russell Vale,All,0,0,0,1233,0
Rutherford,All,0,0,0,3955,0
Rydal,All,0,0,0,1301,0
Rydalmere,All,0,0,0,4168,0
Ryde,All,0,0,0,1097,0
Ryhope,All,0,0,0,1016,0
Rylstone,All,0,0,0,1983,0
Sackville,All,0,0,0,2398,0
Sackville North,All,0,0,0,2373,0
Saddleback Mountain,All,0,0,0,3447,0
Sadleir,All,0,0,0,1241,0
Salamander Bay,All,0,0,0,3526,0
Sallys Flat,All,0,0,0,4591,0
Salt Ash,All,0,0,0,3423,0
San Remo (NSW),All,0,0,0,2116,0
Sanctuary Point,All,0,0,0,4175,0
Sandbar,All,0,0,0,4654,0
Sandgate (NSW),All,0,0,0,1464,0
Sandringham (NSW),All,0,0,0,4408,0
Sandy Hollow,All,0,0,0,4788,0
Sandy Point (NSW),All,0,0,0,4027,0
Sans Souci,All,0,0,0,4230,0
Saratoga,All,0,0,0,2988,0
Sawyers Gully,All,0,0,0,2925,0
Scarborough (NSW),All,0,0,0,3089,0
Scheyville,All,0,0,0,1647,0
Schofields,All,0,0,0,4819,0
Scone,All,0,0,0,4133,0
Scotland Island,All,0,0,0,2010,0
Scotts Flat,All,0,0,0,4495,0
Seaforth (NSW),All,0,0,0,3101,0
Seaham,All,0,0,0,2498,0
Seahampton,All,0,0,0,2080,0
Seal Rocks,All,0,0,0,4386,0
Sedgefield,All,0,0,0,3776,0
Sefton,All,0,0,0,4692,0
Segenhoe,All,0,0,0,2288,0
Seven Hills (NSW),All,0,0,0,1420,0
Shalvey,All,0,0,0,2129,0
Shanes Park,All,0,0,0,3292,0
Sheedys Gully,All,0,0,0,3152,0
Shell Cove,All,0,0,0,2388,0
Shellharbour,All,0,0,0,3004,0
Shellharbour City Centre,All,0,0,0,4096,0
Shelly Beach (NSW),All,0,0,0,1892,0
Shoal Bay (NSW),All,0,0,0,2215,0
Shoalhaven Heads,All,0,0,0,4181,0
Shooters Hill,All,0,0,0,1232,0
Shortland,All,0,0,0,1524,0
Silverdale (NSW),All,0,0,0,1740,0
Silverwater (Lake Macquarie - NSW),All,0,0,0,1354,0
Silverwater (Parramatta - NSW),All,0,0,0,4863,0
Singleton (NSW),All,0,0,0,4614,0
Singleton Heights,All,0,0,0,4386,0
Singleton Military Area,All,0,0,0,3448,0
Singletons Mill,All,0,0,0,4337,0
Smeaton Grange,All,0,0,0,4528,0
Smithfield (NSW),All,0,0,0,1376,0
Smiths Lake,All,0,0,0,3716,0
Sodwalls,All,0,0,0,4684,0
Sofala,All,0,0,0,1198,0
Soldiers Point,All,0,0,0,4460,0
Somersby,All,0,0,0,1438,0
South Bathurst,All,0,0,0,4596,0
South Bowenfels,All,0,0,0,2774,0
South Coogee,All,0,0,0,2083,0
South Granville,All,0,0,0,3891,0
South Hurstville,All,0,0,0,4448,0
South Littleton,All,0,0,0,2764,0
South Maitland,All,0,0,0,1871,0
South Maroota,All,0,0,0,1650,0
South Nowra,All,0,0,0,3952,0
South Penrith,All,0,0,0,2858,0
South Turramurra,All,0,0,0,2323,0
South Wentworthville,All,0,0,0,4578,0
South Windsor,All,0,0,0,2126,0
Speers Point,All,0,0,0,2099,0
Spencer,All,0,0,0,4952,0
Spring Farm (NSW),All,0,0,0,3875,0
Spring Flat,All,0,0,0,2129,0
Spring Hill (Wollongong - NSW),All,0,0,0,4525,0
Springfield (Central Coast - NSW),All,0,0,0,1095,0
Springvale (Lithgow - NSW),All,0,0,0,1225,0
Springwood (NSW),All,0,0,0,1637,0
St Albans (NSW),All,0,0,0,3329,0
St Andrews (NSW),All,0,0,0,3073,0
St Clair (Penrith - NSW),All,0,0,0,1425,0
St Clair (Singleton - NSW),All,0,0,0,3086,0
St Fillans,All,0,0,0,4004,0
St George (NSW),All,0,0,0,4453,0
St Georges Basin,All,0,0,0,1067,0
St Helens Park,All,0,0,0,2332,0
St Huberts Island,All,0,0,0,2572,0
St Ives (NSW),All,0,0,0,3119,0
St Ives Chase,All,0,0,0,2564,0
St Johns Park,All,0,0,0,1811,0
St Leonards (NSW),All,0,0,0,4558,0
St Marys (NSW),All,0,0,0,1930,0
St Peters (NSW),All,0,0,0,3042,0
Stanford Merthyr,All,0,0,0,1678,0
Stanhope (NSW),All,0,0,0,2768,0
Stanhope Gardens,All,0,0,0,3450,0
Stanmore (NSW),All,0,0,0,2967,0
Stanwell Park,All,0,0,0,3713,0
Stanwell Tops,All,0,0,0,2615,0
State Mine Gully,All,0,0,0,4054,0
Stockrington,All,0,0,0,1129,0
Stockton (NSW),All,0,0,0,2434,0
Stonequarry,All,0,0,0,4973,0
Stony Creek (Mid-Western Regional - NSW),All,0,0,0,2009,0
Strathfield (NSW),All,0,0,0,1423,0
Strathfield South,All,0,0,0,3049,0
Stroud,All,0,0,0,2506,0
Stroud Hill,All,0,0,0,4254,0
Stroud Road,All,0,0,0,2416,0
Stubbo,All,0,0,0,4290,0
Sugarloaf (NSW),All,0,0,0,4784,0
Summer Hill (Dungog - NSW),All,0,0,0,2147,0
Summer Hill (Inner West - NSW),All,0,0,0,1250,0
Summerland Point,All,0,0,0,3871,0
Sun Valley (NSW),All,0,0,0,3079,0
Sunny Corner,All,0,0,0,1071,0
Sunshine (NSW),All,0,0,0,3038,0
Surry Hills,All,0,0,0,4469,0
Sussex Inlet,All,0,0,0,2531,0
Sutherland (NSW),All,0,0,0,3468,0
Sutton Forest,All,0,0,0,3825,0
Swan Bay (Port Stephens - NSW),All,0,0,0,1871,0
Swanhaven,All,0,0,0,3832,0
Swansea (NSW),All,0,0,0,4306,0
Swansea Heads,All,0,0,0,2801,0
Sweetmans Creek,All,0,0,0,2799,0
Sydenham (NSW),All,0,0,0,3894,0
Sydney,All,0,0,0,4641,0
Sydney Olympic Park,All,0,0,0,2464,0
Sylvania,All,0,0,0,2882,0
Sylvania Waters,All,0,0,0,1929,0
Tabbil Creek,All,0,0,0,1556,0
Tacoma,All,0,0,0,3964,0
Tacoma South,All,0,0,0,2440,0
Tahlee,All,0,0,0,2588,0
Tahmoor,All,0,0,0,2696,0
Tallawang,All,0,0,0,1606,0
Tallong,All,0,0,0,2353,0
Tallowal,All,0,0,0,2784,0
Tamarama,All,0,0,0,1931,0
Tambaroora,All,0,0,0,2297,0
Tanilba Bay,All,0,0,0,2300,0
Tannas Mount,All,0,0,0,4787,0
Tapitallee,All,0,0,0,1154,0
Taralga,All,0,0,0,3513,0
Tarana,All,0,0,0,3693,0
Tarbuck Bay,All,0,0,0,1593,0
Taren Point,All,0,0,0,4245,0
Tarlo,All,0,0,0,1716,0
Tarrawanna,All,0,0,0,3149,0
Tarro,All,0,0,0,3482,0
Tascott,All,0,0,0,4669,0
Taylors Beach (NSW),All,0,0,0,4782,0
Tea Gardens,All,0,0,0,2687,0
Telarah,All,0,0,0,1485,0
Telopea,All,0,0,0,4001,0
Tempe,All,0,0,0,3122,0
Ten Mile Hollow,All,0,0,0,1310,0
Tenambit,All,0,0,0,2537,0
Tennyson (NSW),All,0,0,0,3754,0
Tennyson Point,All,0,0,0,4586,0
Teralba,All,0,0,0,1669,0
Terara,All,0,0,0,3235,0
Terrey Hills,All,0,0,0,3718,0
Terrigal,All,0,0,0,3093,0
The Branch,All,0,0,0,1408,0
The Devils Wilderness,All,0,0,0,3321,0
The Entrance,All,0,0,0,3454,0
The Entrance North,All,0,0,0,1098,0
The Hill,All,0,0,0,3021,0
The Junction,All,0,0,0,3423,0
The Lagoon,All,0,0,0,2207,0
The Meadows,All,0,0,0,2142,0
The Oaks,All,0,0,0,4230,0
The Ponds,All,0,0,0,2754,0
The Rocks (Sydney - NSW),All,0,0,0,1050,0
The Slopes,All,0,0,0,4555,0
Theresa Park,All,0,0,0,4034,0
Thirlmere,All,0,0,0,3048,0
Thirroul,All,0,0,0,3995,0
Thornleigh,All,0,0,0,4693,0
Thornton (NSW),All,0,0,0,4908,0
Tianjara,All,0,0,0,1352,0
Tichular,All,0,0,0,1302,0
Tighes Hill,All,0,0,0,2096,0
Tilligerry Creek,All,0,0,0,2530,0
Tingira Heights,All,0,0,0,3105,0
Tirrannaville,All,0,0,0,2235,0
Tocal (NSW),All,0,0,0,3698,0
Tolwong,All,0,0,0,1941,0
Tomago,All,0,0,0,4748,0
Tomerong,All,0,0,0,2476,0
Tongarra,All,0,0,0,1078,0
Toolijooa,All,0,0,0,3352,0
Toongabbie (NSW),All,0,0,0,2898,0
Toowoon Bay,All,0,0,0,4025,0
Topi Topi,All,0,0,0,2581,0
Toronto,All,0,0,0,3165,0
Torryburn (Dungog - NSW),All,0,0,0,4707,0
Totnes Valley,All,0,0,0,1507,0
Touga,All,0,0,0,3992,0
Toukley,All,0,0,0,3476,0
Towradgi,All,0,0,0,2259,0
Towrang,All,0,0,0,1718,0
Tregear,All,0,0,0,2574,0
Tuggerah,All,0,0,0,2091,0
Tuggerawong,All,0,0,0,1039,0
Tullarwalla,All,0,0,0,1293,0
Tullimbar,All,0,0,0,3440,0
Tumbi Umbi,All,0,0,0,4673,0
Turill,All,0,0,0,1791,0
Turondale,All,0,0,0,3301,0
Turramurra,All,0,0,0,1272,0
Turrella,All,0,0,0,2374,0
Twelve Mile,All,0,0,0,1391,0
Twelve Mile Creek,All,0,0,0,1712,0
Twelve Mile Peg,All,0,0,0,4334,0
Twenty Forests,All,0,0,0,2705,0
Two Mile Flat,All,0,0,0,1482,0
Uarbry,All,0,0,0,2023,0
Ulan,All,0,0,0,4746,0
Ultimo,All,0,0,0,3981,0
Umina Beach,All,0,0,0,1373,0
Unanderra,All,0,0,0,2575,0
Underbank,All,0,0,0,2160,0
Upper Bylong,All,0,0,0,1523,0
Upper Colo,All,0,0,0,2358,0
Upper Growee,All,0,0,0,2970,0
Upper Kangaroo River,All,0,0,0,4734,0
Upper Kangaroo Valley,All,0,0,0,2494,0
Upper Macdonald,All,0,0,0,3662,0
Upper Mangrove,All,0,0,0,1534,0
Upper Nile,All,0,0,0,1524,0
Upper Rouchel,All,0,0,0,4772,0
Upper Turon,All,0,0,0,2408,0
Vacy,All,0,0,0,1838,0
Vale Of Clwydd,All,0,0,0,2859,0
Valentine,All,0,0,0,4649,0
Valley Heights,All,0,0,0,1603,0
Varroville,All,0,0,0,4013,0
Vaucluse,All,0,0,0,4552,0
Villawood,All,0,0,0,3238,0
Vincentia,All,0,0,0,3362,0
Vineyard,All,0,0,0,3577,0
Violet Hill,All,0,0,0,1331,0
Voyager Point,All,0,0,0,1923,0
Wadalba,All,0,0,0,4515,0
Wagstaffe,All,0,0,0,3870,0
Wahroonga,All,0,0,0,2388,0
Waitara,All,0,0,0,1912,0
Wakefield,All,0,0,0,2761,0
Wakeley,All,0,0,0,4421,0
Walang,All,0,0,0,1958,0
Wallacia,All,0,0,0,1639,0
Wallalong,All,0,0,0,3080,0
Wallarah,All,0,0,0,1471,0
Wallaringa,All,0,0,0,1156,0
Wallarobba,All,0,0,0,4637,0
Wallerawang,All,0,0,0,1885,0
Wallsend,All,0,0,0,1076,0
Wamberal,All,0,0,0,2141,0
Wambool,All,0,0,0,3349,0
Wandandian,All,0,0,0,1837,0
Wangi Wangi,All,0,0,0,3846,0
Warabrook,All,0,0,0,3105,0
Waratah (NSW),All,0,0,0,4187,0
Waratah West,All,0,0,0,4740,0
Wareemba,All,0,0,0,4833,0
Warilla,All,0,0,0,3003,0
Warkworth,All,0,0,0,2102,0
Warners Bay,All,0,0,0,2980,0
Warnervale,All,0,0,0,4862,0
Warragamba,All,0,0,0,3085,0
Warrawee,All,0,0,0,3159,0
Warrawong,All,0,0,0,4132,0
Warriewood,All,0,0,0,4845,0
Warrimoo,All,0,0,0,2554,0
Warwick Farm,All,0,0,0,2122,0
Washpool (Mid-Coast - NSW),All,0,0,0,2614,0
Watagan,All,0,0,0,3464,0
Watanobbi,All,0,0,0,3372,0
Waterfall,All,0,0,0,3400,0
Waterloo (NSW),All,0,0,0,4692,0
Watersleigh,All,0,0,0,3503,0
Watsons Bay,All,0,0,0,2952,0
Wattamolla,All,0,0,0,3276,0
Wattle Flat (NSW),All,0,0,0,4429,0
Wattle Grove (NSW),All,0,0,0,4640,0
Wattle Ponds,All,0,0,0,4376,0
Wattle Ridge (NSW),All,0,0,0,4654,0
Watton,All,0,0,0,4642,0
Waverley (NSW),All,0,0,0,1381,0
Waverton,All,0,0,0,1682,0
Webbers Creek,All,0,0,0,1323,0
Webbs Creek,All,0,0,0,1995,0
Wedderburn (NSW),All,0,0,0,1892,0
Weismantels,All,0,0,0,4018,0
Welby,All,0,0,0,1941,0
Wendoree Park,All,0,0,0,2632,0
Wentworth Falls,All,0,0,0,1662,0
Wentworth Point,All,0,0,0,3963,0
Wentworthville,All,0,0,0,4881,0
Werai,All,0,0,0,4322,0
Werombi,All,0,0,0,2068,0
Werri Beach,All,0,0,0,1125,0
Werrington,All,0,0,0,3865,0
Werrington County,All,0,0,0,1310,0
Werrington Downs,All,0,0,0,1089,0
West Bathurst,All,0,0,0,4374,0
West Gosford,All,0,0,0,1372,0
West Hoxton,All,0,0,0,2243,0
West Nowra,All,0,0,0,2801,0
West Pennant Hills,All,0,0,0,1990,0
West Pymble,All,0,0,0,4327,0
West Ryde,All,0,0,0,4169,0
West Wallsend,All,0,0,0,4380,0
West Wollongong,All,0,0,0,2351,0
Westbrook (NSW),All,0,0,0,2292,0
Westleigh,All,0,0,0,3624,0
Westmead,All,0,0,0,4702,0
Weston (NSW),All,0,0,0,4420,0
Wetherill Park,All,0,0,0,2338,0
Whalan,All,0,0,0,3439,0
Whale Beach,All,0,0,0,2499,0
Wheeler Heights,All,0,0,0,1389,0
Wheeny Creek,All,0,0,0,3009,0
White Rock (NSW),All,0,0,0,2466,0
Whitebridge,All,0,0,0,1053,0
Whittingham,All,0,0,0,4176,0
Wiagdon,All,0,0,0,3838,0
Wiarborough,All,0,0,0,1883,0
Wickham (NSW),All,0,0,0,4458,0
Widden,All,0,0,0,1429,0
Wilberforce (NSW),All,0,0,0,2141,0
Wilbetree,All,0,0,0,4157,0
Wildes Meadow,All,0,0,0,4745,0
Wiley Park,All,0,0,0,1371,0
Williamtown,All,0,0,0,2893,0
Willmot,All,0,0,0,4697,0
Willoughby (NSW),All,0,0,0,4029,0
Willoughby East,All,0,0,0,4008,0
Willow Vale (Kiama - NSW),All,0,0,0,1130,0
Willow Vale (Wingecarribee - NSW),All,0,0,0,2401,0
Wilpinjong,All,0,0,0,2291,0
Wilton (NSW),All,0,0,0,3310,0
Winburndale,All,0,0,0,1456,0
Windale,All,0,0,0,3675,0
Windang,All,0,0,0,2012,0
Windella,All,0,0,0,1071,0
Windermere (NSW),All,0,0,0,3549,0
Windermere Park,All,0,0,0,1563,0
Windeyer (NSW),All,0,0,0,4634,0
Windradyne,All,0,0,0,1328,0
Windsor (NSW),All,0,0,0,4236,0
Windsor Downs,All,0,0,0,1912,0
Wingello,All,0,0,0,3673,0
Winmalee,All,0,0,0,1138,0
Winston Hills,All,0,0,0,1799,0
Wirraba,All,0,0,0,4298,0
Wirragulla,All,0,0,0,2180,0
Wisemans Creek,All,0,0,0,2897,0
Wisemans Ferry,All,0,0,0,2603,0
Wolgan Valley,All,0,0,0,2897,0
Wollangambe,All,0,0,0,3409,0
Wollar,All,0,0,0,4416,0
Wollemi,All,0,0,0,4427,0
Wolli Creek,All,0,0,0,3510,0
Wollombi,All,0,0,0,3832,0
Wollongong,All,0,0,0,1010,0
Wollstonecraft,All,0,0,0,2227,0
Wollumboola,All,0,0,0,1093,0
Wombarra,All,0,0,0,2218,0
Wombeyan Caves,All,0,0,0,2734,0
Womerah,All,0,0,0,3390,0
Wondabyne,All,0,0,0,4185,0
Wongawilli,All,0,0,0,1597,0
Woodberry,All,0,0,0,4781,0
Woodbine (NSW),All,0,0,0,1391,0
Woodcroft (NSW),All,0,0,0,4812,0
Woodford (NSW),All,0,0,0,2158,0
Woodhill (NSW),All,0,0,0,1515,0
Woodlands (Wingecarribee - NSW),All,0,0,0,4220,0
Woodpark,All,0,0,0,2975,0
Woodrising,All,0,0,0,2164,0
Woodville (NSW),All,0,0,0,4561,0
Woollahra,All,0,0,0,1601,0
Woollamia,All,0,0,0,4103,0
Woolloomooloo,All,0,0,0,2609,0
Woolooware,All,0,0,0,4966,0
Woolwich,All,0,0,0,2774,0
Woongarrah,All,0,0,0,2071,0
Woonona,All,0,0,0,2111,0
Worlds End (NSW),All,0,0,0,3064,0
Woronora,All,0,0,0,3605,0
Woronora Dam,All,0,0,0,2041,0
Woronora Heights,All,0,0,0,1804,0
Worrigee,All,0,0,0,4762,0
Worrowing Heights,All,0,0,0,1004,0
Woy Woy,All,0,0,0,4420,0
Woy Woy Bay,All,0,0,0,3991,0
Wrights Beach,All,0,0,0,4767,0
Wrights Creek (NSW),All,0,0,0,4428,0
Wybong,All,0,0,0,3547,0
Wybung,All,0,0,0,2870,0
Wyee,All,0,0,0,3457,0
Wyee Point,All,0,0,0,2723,0
Wylies Flat,All,0,0,0,2520,0
Wyoming,All,0,0,0,1195,0
Wyong,All,0,0,0,3043,0
Wyong Creek,All,0,0,0,1165,0
Wyongah,All,0,0,0,4371,0
Yagon,All,0,0,0,3170,0
Yagoona,All,0,0,0,1116,0
Yalbraith,All,0,0,0,3425,0
Yallah,All,0,0,0,2374,0
Yalwal,All,0,0,0,4898,0
Yanderra,All,0,0,0,2753,0
Yarramalong,All,0,0,0,4280,0
Yarramundi,All,0,0,0,3442,0
Yarras (Bathurst Regional - NSW),All,0,0,0,3748,0
Yarrawa,All,0,0,0,3702,0
Yarrawarrah,All,0,0,0,4555,0
Yarrawonga (NSW),All,0,0,0,3622,0
Yarrawonga Park,All,0,0,0,2036,0
Yattalunga (NSW),All,0,0,0,1486,0
Yellow Rock (Blue Mountains - NSW),All,0,0,0,2850,0
Yellow Rock (Shellharbour - NSW),All,0,0,0,2109,0
Yengo National Park,All,0,0,0,1420,0
Yennora,All,0,0,0,4858,0
Yerranderie,All,0,0,0,3429,0
Yerrinbool,All,0,0,0,4966,0
Yerriyong,All,0,0,0,2805,0
Yetholme,All,0,0,0,4118,0
Yowie Bay,All,0,0,0,4475,0
Zetland,All,0,0,0,1060,0
No usual address (NSW),All,0,0,0,3799,0
Migratory - Offshore - Shipping (NSW),All,0,0,0,4430,0
