Suburb	Price_Range	Total_Properties	Lost_Income	Duration	Vacancy_Count	Weekly_Rent
Aarons Pass	All	0	0	39	2334	2569
Abbotsbury	All	0	0	43	3773	2106
Abbotsford (NSW)	All	0	0	41	2429	2846
Abercrombie	All	0	0	42	4156	1576
Aberdare	All	0	0	44	1240	1846
Aberdeen (NSW)	All	0	0	39	4386	1897
Aberglasslyn	All	0	0	39	1362	2780
Abermain	All	0	0	38	3277	1589
Abernethy	All	0	0	38	2691	2355
Acacia Gardens	All	0	0	45	4031	2057
Adamstown	All	0	0	39	1049	1656
Adamstown Heights	All	0	0	45	2500	1968
Agnes Banks	All	0	0	37	4527	2843
Airds	All	0	0	40	4644	2418
Albion Park	All	0	0	45	3044	1712
Albion Park Rail	All	0	0	38	2267	2877
Alexandria	All	0	0	41	3360	2221
Alfords Point	All	0	0	44	2565	2110
Alison (Central Coast - NSW)	All	0	0	35	2334	1615
Alison (Dungog - NSW)	All	0	0	42	4130	1978
Allambie Heights	All	0	0	40	3281	2395
Allandale (NSW)	All	0	0	37	2750	2478
Allawah	All	0	0	35	1380	2657
Allworth	All	0	0	36	3754	2299
Allynbrook	All	0	0	42	4242	2734
Alpine	All	0	0	41	1209	2135
Ambarvale	All	0	0	44	4788	2193
Anambah	All	0	0	42	3673	1861
Anna Bay	All	0	0	41	4639	1741
Annandale (NSW)	All	0	0	38	3152	2447
Annangrove	All	0	0	38	1959	2467
Appin (NSW)	All	0	0	43	3051	1816
Apple Tree Flat	All	0	0	40	2099	2940
Appletree Flat	All	0	0	40	2110	1525
Arcadia (NSW)	All	0	0	36	4210	2074
Arcadia Vale	All	0	0	37	3822	1945
Argenton	All	0	0	36	4228	2364
Arncliffe	All	0	0	37	2329	2001
Arndell Park	All	0	0	44	4323	2960
Artarmon	All	0	0	37	2161	2256
Ashbury	All	0	0	42	4440	2613
Ashcroft	All	0	0	35	3326	2913
Ashfield (NSW)	All	0	0	43	4041	2761
Ashtonfield	All	0	0	44	1872	2077
Asquith	All	0	0	38	2681	1773
Auburn (NSW)	All	0	0	39	1215	1997
Austinmer	All	0	0	35	4233	2392
Austral	All	0	0	42	4774	1964
Avalon Beach	All	0	0	43	1285	2434
Avisford	All	0	0	43	1123	1979
Avoca (NSW)	All	0	0	37	4394	2641
Avoca Beach	All	0	0	39	1766	2986
Avon (NSW)	All	0	0	38	4565	2546
Avondale (NSW)	All	0	0	40	3924	2309
Awaba	All	0	0	43	4470	1795
Aylmerton	All	0	0	37	1836	2381
Back Forest	All	0	0	44	4553	1854
Badgerys Creek	All	0	0	43	3333	2038
Baerami	All	0	0	35	3813	1584
Baerami Creek	All	0	0	39	3524	1586
Balaclava (NSW)	All	0	0	45	3321	2209
Balcolyn	All	0	0	40	2157	1532
Balgowlah	All	0	0	45	4711	1554
Balgowlah Heights	All	0	0	42	2830	1508
Balgownie	All	0	0	44	2264	1557
Balickera	All	0	0	35	1727	1935
Balmain	All	0	0	36	1058	2548
Balmain East	All	0	0	36	4791	2860
Balmoral (Lake Macquarie - NSW)	All	0	0	44	1736	2651
Balmoral (Wingecarribee - NSW)	All	0	0	38	4505	2245
Bamarang	All	0	0	42	3110	1960
Bandon Grove	All	0	0	45	1185	1653
Bangalee (NSW)	All	0	0	36	1346	2493
Bangor (NSW)	All	0	0	45	2729	2300
Banksia	All	0	0	42	1279	2531
Banksmeadow	All	0	0	45	2846	1923
Bankstown	All	0	0	44	2142	2195
Bankstown Aerodrome	All	0	0	38	4073	2352
Bannaby	All	0	0	43	3336	2345
Bar Beach	All	0	0	44	3909	2342
Bar Point	All	0	0	45	2690	1841
Bara	All	0	0	36	1008	1831
Barangaroo	All	0	0	42	3886	2522
Barden Ridge	All	0	0	41	1449	2875
Bardia	All	0	0	35	2918	2096
Bardwell Park	All	0	0	37	4153	1972
Bardwell Valley	All	0	0	35	2830	1536
Bargo	All	0	0	38	1010	2447
Barigan	All	0	0	37	3259	2964
Barneys Reef	All	0	0	37	4383	2793
Barnsley	All	0	0	45	1583	2033
Barrack Heights	All	0	0	43	2449	2835
Barrack Point	All	0	0	37	3117	1906
Barren Grounds	All	0	0	45	2771	2010
Barrengarry	All	0	0	41	1601	2208
Barringella	All	0	0	45	2388	2081
Basin View	All	0	0	38	2654	2138
Bass Hill	All	0	0	44	2771	2509
Bateau Bay	All	0	0	44	4712	2389
Bathurst	All	0	0	45	2677	2655
Baulkham Hills	All	0	0	41	1715	1971
Baw Baw (NSW)	All	0	0	36	1302	1862
Bayview (NSW)	All	0	0	42	3687	2742
Beacon Hill	All	0	0	36	1281	1500
Beaconsfield (NSW)	All	0	0	40	1890	2995
Beaumont (NSW)	All	0	0	40	2382	1689
Beaumont Hills	All	0	0	44	3637	1804
Beecroft	All	0	0	43	4936	2725
Beecroft Peninsula	All	0	0	36	3259	1684
Belanglo	All	0	0	36	2992	2318
Belfield	All	0	0	39	1027	2178
Belford	All	0	0	40	2665	2134
Belimbla Park	All	0	0	38	4345	2679
Bell (NSW)	All	0	0	37	1912	2745
Bella Vista	All	0	0	42	2272	1778
Bellambi	All	0	0	35	1418	1896
Bellawongarah	All	0	0	40	4920	2527
Bellbird	All	0	0	43	3588	1614
Bellbird Heights	All	0	0	38	4355	2371
Bellevue Hill	All	0	0	39	3671	2978
Belmont (NSW)	All	0	0	38	2256	2637
Belmont North	All	0	0	35	4741	2921
Belmont South	All	0	0	44	2638	1518
Belmore	All	0	0	39	4842	1866
Belrose	All	0	0	36	1285	1580
Ben Bullen	All	0	0	44	3748	2508
Bendalong	All	0	0	37	2433	2632
Bendolba	All	0	0	37	2365	2658
Bengalla	All	0	0	44	4587	2986
Bennetts Green	All	0	0	40	2921	1574
Bensville	All	0	0	44	1948	1844
Berala	All	0	0	35	4698	2479
Berambing	All	0	0	40	3742	2058
Beresfield	All	0	0	41	3781	2422
Berkeley	All	0	0	36	2646	2628
Berkeley Vale	All	0	0	35	4188	2817
Berkshire Park	All	0	0	37	3587	2654
Berowra	All	0	0	43	1905	2833
Berowra Creek	All	0	0	36	2204	1602
Berowra Heights	All	0	0	44	1708	2593
Berowra Waters	All	0	0	40	1178	1683
Berrara	All	0	0	37	4291	1605
Berrilee	All	0	0	42	3387	2594
Berrima	All	0	0	38	1522	2488
Berry	All	0	0	41	1639	1849
Berry Mountain	All	0	0	37	2975	1900
Berry Park	All	0	0	40	1961	2835
Beryl	All	0	0	42	1785	2654
Beverley Park	All	0	0	38	3999	2949
Beverly Hills	All	0	0	40	2406	2585
Bewong	All	0	0	40	4900	1536
Bexley	All	0	0	43	3360	1557
Bexley North	All	0	0	45	3620	2709
Bidwill (NSW)	All	0	0	44	2181	1973
Big Hill (NSW)	All	0	0	45	3764	2996
Big Ridge	All	0	0	44	4469	2614
Bilgola Beach	All	0	0	37	2760	1688
Bilgola Plateau	All	0	0	38	1266	2128
Billywillinga	All	0	0	40	4445	2150
Bilpin	All	0	0	38	4045	2288
Bingleburra	All	0	0	38	1774	2775
Birchgrove	All	0	0	40	4599	1704
Birmingham Gardens	All	0	0	35	2083	2507
Birriwa	All	0	0	40	3879	1571
Birrong	All	0	0	37	2966	2508
Bishops Bridge	All	0	0	38	2398	2928
Black Hill (NSW)	All	0	0	38	1191	1896
Black Springs (NSW)	All	0	0	40	1899	1775
Blackalls Park	All	0	0	40	3035	2650
Blackbutt (NSW)	All	0	0	42	1140	1911
Blackett	All	0	0	41	4695	2493
Blackheath	All	0	0	45	4753	2970
Blackmans Flat	All	0	0	39	2612	1982
Blacksmiths	All	0	0	45	1477	1886
Blacktown	All	0	0	42	1293	2027
Blackwall (NSW)	All	0	0	41	4366	2440
Blair Athol (NSW)	All	0	0	36	2382	1970
Blairmount	All	0	0	45	2514	2102
Blakehurst	All	0	0	40	2197	2568
Blaxland (NSW)	All	0	0	38	3287	2585
Blaxlands Ridge	All	0	0	36	1001	1550
Bligh Park	All	0	0	37	3806	1893
Blue Bay	All	0	0	43	4553	2840
Blue Haven	All	0	0	39	4494	2474
Blue Mountains National Park	All	0	0	44	1084	2276
Blueys Beach	All	0	0	35	1243	2960
Boat Harbour (Port Stephens - NSW)	All	0	0	36	2154	1596
Bobs Farm	All	0	0	35	3879	1594
Bocoble	All	0	0	44	2986	1546
Bogee	All	0	0	43	2400	2843
Bolong	All	0	0	38	1914	1709
Bolton Point	All	0	0	36	3879	2583
Bolwarra (NSW)	All	0	0	45	3581	2077
Bolwarra Heights	All	0	0	35	4493	1754
Bomaderry	All	0	0	44	3108	1942
Bombah Point	All	0	0	40	3375	2474
Bombira	All	0	0	38	2142	1967
Bombo	All	0	0	43	3276	2826
Bondi	All	0	0	36	1190	2491
Bondi Beach	All	0	0	45	4983	2412
Bondi Junction	All	0	0	39	3701	1624
Bonnells Bay	All	0	0	43	1599	2172
Bonnet Bay	All	0	0	42	1559	2332
Bonnyrigg	All	0	0	39	4520	1826
Bonnyrigg Heights	All	0	0	35	4842	2091
Booker Bay	All	0	0	36	4012	2976
Boolambayte	All	0	0	40	3790	2225
Boolaroo	All	0	0	45	1807	2786
Boolijah	All	0	0	42	1249	2627
Boomerang Beach	All	0	0	40	1179	2176
Booragul	All	0	0	39	4327	2714
Booral (NSW)	All	0	0	43	2425	1819
Booti Booti	All	0	0	45	4900	1713
Bossley Park	All	0	0	44	4265	2796
Botany	All	0	0	40	4418	1991
Botobolar	All	0	0	44	3415	2507
Bouddi	All	0	0	41	2541	2720
Bow Bowing	All	0	0	36	2807	2469
Bowen Mountain	All	0	0	39	3528	2149
Bowenfels	All	0	0	45	2530	2522
Bowmans Creek	All	0	0	45	1839	2744
Bowral	All	0	0	37	2835	2209
Box Head	All	0	0	40	4455	2452
Box Hill (NSW)	All	0	0	45	1396	2348
Boxers Creek	All	0	0	41	4723	1944
Bradbury (NSW)	All	0	0	37	4029	1876
Braemar	All	0	0	36	3963	1705
Brandy Hill	All	0	0	37	1622	2766
Branxton	All	0	0	41	3402	2354
Brawboy	All	0	0	35	1157	2900
Brayton	All	0	0	37	1932	1828
Breakfast Creek	All	0	0	45	3634	2671
Breakfast Point	All	0	0	41	1278	1817
Bream Beach	All	0	0	39	2353	2902
Brewongle	All	0	0	38	3094	2790
Bridgman	All	0	0	42	4982	2154
Brighton-le-Sands	All	0	0	41	1877	2616
Brightwaters	All	0	0	44	2969	1589
Bringelly	All	0	0	35	3192	2958
Brisbane Grove	All	0	0	40	2048	1834
Broadmeadow	All	0	0	44	2462	1723
Brogans Creek	All	0	0	41	3772	1806
Brogers Creek	All	0	0	39	2648	2650
Broke (NSW)	All	0	0	39	3608	2236
Bronte	All	0	0	38	1397	1593
Brookfield (NSW)	All	0	0	36	2277	2028
Brooklyn (NSW)	All	0	0	42	4721	2138
Brookvale	All	0	0	40	3189	2290
Broughton (NSW)	All	0	0	39	4229	2511
Broughton Vale	All	0	0	43	3722	2719
Broughton Village	All	0	0	41	1686	1523
Brownlow Hill	All	0	0	40	4895	1598
Browns Mountain	All	0	0	41	1007	2506
Brownsville	All	0	0	35	2207	2684
Bruinbun	All	0	0	36	4426	2331
Brundee	All	0	0	41	3835	1899
Brunkerville	All	0	0	40	2183	2803
Buangla	All	0	0	43	3857	2261
Buchanan (NSW)	All	0	0	41	1699	1835
Buckaroo	All	0	0	42	4696	1822
Bucketty	All	0	0	37	1007	2728
Budden	All	0	0	40	2582	1788
Budderoo	All	0	0	35	2176	1896
Budgee Budgee (NSW)	All	0	0	42	4906	1505
Budgewoi	All	0	0	37	1824	1666
Budgewoi Peninsula	All	0	0	36	1604	1576
Budgong	All	0	0	42	4515	2404
Buff Point	All	0	0	44	3207	2180
Bulahdelah	All	0	0	39	1884	2794
Bulee	All	0	0	45	4761	1749
Bulga (NSW)	All	0	0	42	3841	1682
Bullaburra	All	0	0	43	3585	1568
Bulli	All	0	0	45	4277	2631
Bullio	All	0	0	41	3799	1836
Bundabah	All	0	0	38	4792	2964
Bundanoon (NSW)	All	0	0	43	1946	2672
Bundeena	All	0	0	41	4120	2731
Bundewallah	All	0	0	35	4586	2900
Bungaba	All	0	0	37	2579	1997
Bungarribee	All	0	0	44	3338	2557
Bungonia	All	0	0	39	4677	2438
Bungwahl	All	0	0	40	1726	2090
Bunnan	All	0	0	40	1081	1899
Bureen	All	0	0	35	2348	1603
Burradoo	All	0	0	45	2320	2220
Burraneer	All	0	0	39	2291	2551
Burrawang	All	0	0	45	3787	2255
Burrier	All	0	0	42	1709	2324
Burrundulla	All	0	0	40	3445	2712
Burwood (NSW)	All	0	0	39	2359	2499
Burwood Heights	All	0	0	35	4716	1615
Busby	All	0	0	41	1010	2273
Bushells Ridge	All	0	0	44	4412	2467
Buttaba	All	0	0	45	3278	2047
Buttai	All	0	0	37	1116	2306
Butterwick	All	0	0	39	2663	1840
Buxton (NSW)	All	0	0	38	2272	1901
Bylong	All	0	0	40	4152	2657
Cabarita (NSW)	All	0	0	40	2122	2622
Cabramatta	All	0	0	42	4759	2347
Cabramatta West	All	0	0	41	4584	1870
Caddens	All	0	0	35	1488	1754
Calderwood	All	0	0	36	3884	2222
Calga	All	0	0	36	2710	2066
Callaghan	All	0	0	36	4928	2318
Callala Bay	All	0	0	42	1208	1627
Callala Beach	All	0	0	44	1551	1557
Camberwell (NSW)	All	0	0	38	1842	2200
Cambewarra	All	0	0	45	1195	2124
Cambewarra Village	All	0	0	37	2224	2536
Camboon (NSW)	All	0	0	43	3700	2688
Cambra	All	0	0	40	1108	2358
Cambridge Gardens	All	0	0	38	2635	2161
Cambridge Park	All	0	0	39	4764	1731
Camden	All	0	0	35	1289	1580
Camden Park (NSW)	All	0	0	36	2355	2833
Camden South	All	0	0	42	1243	1935
Camellia	All	0	0	42	3921	1956
Cameron Park	All	0	0	41	3506	2575
Cammeray	All	0	0	37	4258	1511
Campbelltown (NSW)	All	0	0	35	1642	2742
Camperdown (NSW)	All	0	0	36	1880	2749
Campsie	All	0	0	45	1025	2053
Campvale	All	0	0	45	4836	2991
Cams Wharf	All	0	0	43	4192	1822
Canada Bay	All	0	0	35	4283	2392
Canadian Lead	All	0	0	38	3642	2005
Canley Heights	All	0	0	36	4335	2865
Canley Vale	All	0	0	36	4257	1975
Canoelands	All	0	0	42	2240	1841
Canterbury (NSW)	All	0	0	44	3217	2399
Canton Beach	All	0	0	42	3613	2416
Canyonleigh	All	0	0	45	1732	2576
Capertee	All	0	0	38	1614	2722
Carcalgong	All	0	0	40	4848	1555
Cardiff (NSW)	All	0	0	38	1711	2966
Cardiff Heights	All	0	0	42	1330	2393
Cardiff South	All	0	0	38	4537	1959
Carey Bay	All	0	0	44	1517	1976
Caringbah	All	0	0	41	3574	1758
Caringbah South	All	0	0	44	4996	1549
Carlingford	All	0	0	35	4123	2444
Carlton (NSW)	All	0	0	41	3118	2699
Carnes Hill	All	0	0	38	2174	2825
Carramar (NSW)	All	0	0	42	1685	2762
Carrick (NSW)	All	0	0	37	3140	1667
Carrington (Mid-Coast - NSW)	All	0	0	37	2138	2915
Carrington (Newcastle - NSW)	All	0	0	43	1907	2780
Carrington Falls	All	0	0	43	4660	2876
Carrowbrook	All	0	0	38	3815	2684
Carss Park	All	0	0	43	1393	2390
Cartwright	All	0	0	41	1145	2066
Carwell	All	0	0	38	1850	2879
Castle Cove	All	0	0	37	2841	2610
Castle Hill (NSW)	All	0	0	41	2179	2457
Castle Rock	All	0	0	38	3228	2988
Castlecrag	All	0	0	38	3471	1967
Castlereagh	All	0	0	41	1089	2217
Casula	All	0	0	43	2577	2933
Cataract	All	0	0	43	1589	1671
Catherine Field	All	0	0	41	1456	1945
Catherine Hill Bay	All	0	0	35	4215	1944
Cattai	All	0	0	44	1402	2736
Caves Beach	All	0	0	39	4663	1961
Cawdor (NSW)	All	0	0	43	4197	1661
Cecil Hills	All	0	0	37	4519	2677
Cecil Park	All	0	0	38	2993	2739
Cedar Brush Creek	All	0	0	38	4305	2682
Cedar Creek (Cessnock - NSW)	All	0	0	42	1133	2540
Centennial Park (NSW)	All	0	0	44	1220	2017
Central Colo	All	0	0	35	1762	2120
Central Macdonald	All	0	0	38	3905	2628
Central Mangrove	All	0	0	45	4940	2511
Cessnock	All	0	0	40	2689	2736
Chain Valley Bay	All	0	0	38	1558	2088
Charbon	All	0	0	37	1463	2551
Charlestown (NSW)	All	0	0	43	4312	2055
Charlotte Bay	All	0	0	39	4022	1633
Charlton (NSW)	All	0	0	38	3005	2839
Charmhaven	All	0	0	35	3139	2178
Chatham Valley	All	0	0	36	4771	1838
Chatsbury	All	0	0	42	1928	2489
Chatswood	All	0	0	42	3329	2428
Chatswood West	All	0	0	40	3696	2516
Cheero Point	All	0	0	44	1054	1828
Cheltenham (NSW)	All	0	0	41	1051	2558
Cherrybrook	All	0	0	39	3906	1612
Chester Hill	All	0	0	43	4275	1732
Chifley (NSW)	All	0	0	41	2762	2253
Chippendale	All	0	0	45	3402	2850
Chipping Norton	All	0	0	39	3906	1934
Chisholm (NSW)	All	0	0	43	1588	1841
Chiswick	All	0	0	45	1392	2893
Chittaway Bay	All	0	0	37	4904	2875
Chittaway Point	All	0	0	38	1409	1769
Chullora	All	0	0	35	4492	2078
Church Point	All	0	0	37	3699	2327
Clandulla	All	0	0	41	1252	1895
Claremont Meadows	All	0	0	45	2309	2169
Clarence	All	0	0	37	3132	2985
Clarence Town	All	0	0	36	3326	2654
Clarendon (NSW)	All	0	0	43	2502	1522
Clareville	All	0	0	42	4034	1948
Claymore	All	0	0	36	4217	2140
Clear Creek	All	0	0	41	3460	2781
Clemton Park	All	0	0	37	1619	2274
Cleveland (NSW)	All	0	0	37	1673	1830
Cliftleigh	All	0	0	39	1939	2568
Clifton (NSW)	All	0	0	35	4000	2089
Clontarf (NSW)	All	0	0	38	1868	2800
Clovelly	All	0	0	37	3580	2962
Clyde (NSW)	All	0	0	35	4979	1550
Clydesdale (NSW)	All	0	0	43	3958	2479
Coal Point	All	0	0	42	1925	2478
Coalcliff	All	0	0	41	1364	2763
Coasters Retreat	All	0	0	45	4417	2608
Cobar Park	All	0	0	37	2979	1700
Cobbitty	All	0	0	45	3118	1794
Coggan	All	0	0	40	3532	2011
Cogra Bay	All	0	0	44	4071	2656
Colebee	All	0	0	40	4937	2078
Coledale	All	0	0	42	2412	1837
Collaroy (NSW)	All	0	0	35	3817	2930
Collaroy Plateau	All	0	0	45	4706	1939
Collingwood (NSW)	All	0	0	35	2334	2818
Colo (Hawkesbury - NSW)	All	0	0	43	2285	2420
Colo Heights	All	0	0	43	2673	2208
Colo Vale	All	0	0	36	4718	2824
Colongra	All	0	0	45	4022	2569
Colyton	All	0	0	37	2770	2116
Comberton	All	0	0	35	1475	1648
Comerong Island	All	0	0	39	3201	2294
Como (NSW)	All	0	0	35	2036	1776
Concord	All	0	0	43	4579	1590
Concord West	All	0	0	40	4462	2923
Condell Park	All	0	0	40	3534	2912
Congewai	All	0	0	36	1317	1936
Coniston	All	0	0	45	1670	1610
Connells Point	All	0	0	38	4763	2910
Constitution Hill	All	0	0	39	4136	2905
Coogee (NSW)	All	0	0	42	1812	2515
Cooks Gap	All	0	0	37	2999	1803
Cooks Hill	All	0	0	35	3835	1676
Coolangatta (NSW)	All	0	0	41	1384	2035
Coolumburra	All	0	0	37	3301	1529
Cooranbong	All	0	0	36	3179	2209
Cooyal	All	0	0	38	3258	1778
Copacabana	All	0	0	35	3488	2144
Cope	All	0	0	37	4615	2957
Cordeaux	All	0	0	35	3768	1995
Cordeaux Heights	All	0	0	39	3008	2734
Corlette	All	0	0	38	3594	1816
Corney Town	All	0	0	39	1492	2077
Cornwallis	All	0	0	37	4024	2666
Corrabare	All	0	0	41	4709	2907
Corrimal	All	0	0	41	4352	1731
Cottage Point	All	0	0	41	4031	1789
Couridjah	All	0	0	43	2987	2091
Cow Flat	All	0	0	36	3472	1780
Cowan	All	0	0	38	4389	2484
Coxs Creek	All	0	0	40	2496	1977
Coxs Crown	All	0	0	36	4695	2574
Cranebrook	All	0	0	36	4017	2853
Crangan Bay	All	0	0	42	1013	2690
Crawford River	All	0	0	40	4931	2038
Cremorne (NSW)	All	0	0	43	4228	2229
Cremorne Point	All	0	0	38	2705	2210
Cringila	All	0	0	43	3777	2475
Cromer (NSW)	All	0	0	41	3620	2852
Cronulla	All	0	0	39	2487	1960
Croom	All	0	0	35	3983	2100
Cross Roads (NSW)	All	0	0	39	4275	1888
Croudace Bay	All	0	0	36	2348	2031
Crows Nest (NSW)	All	0	0	38	2681	2518
Croydon (NSW)	All	0	0	43	2881	2987
Croydon Park (NSW)	All	0	0	41	4608	2678
Crudine	All	0	0	44	3043	2911
Cudgegong	All	0	0	41	2044	2450
Cudmirrah	All	0	0	37	4521	1637
Culburra Beach	All	0	0	35	2281	2489
Cullen Bullen	All	0	0	39	4833	1985
Cullenbone	All	0	0	38	4148	2939
Cumbandry	All	0	0	37	1449	2527
Cumberland Reach	All	0	0	41	1408	2835
Cumbo	All	0	0	42	4016	2105
Curl Curl	All	0	0	40	2552	2577
Curramore (NSW)	All	0	0	42	1613	1538
Currans Hill	All	0	0	40	3554	2410
Currarong	All	0	0	39	2997	1756
Curraweela	All	0	0	36	1492	2615
Dabee	All	0	0	41	4236	2282
Daceyville	All	0	0	35	2531	1951
Dairy Arm	All	0	0	38	1965	1909
Daleys Point	All	0	0	42	1022	2350
Dalswinton	All	0	0	39	2594	1687
Dalwood (Singleton - NSW)	All	0	0	41	2393	2314
Dangar Island	All	0	0	43	2342	1994
Dapto	All	0	0	36	3342	2799
Dargan	All	0	0	39	1402	1819
Dark Corner	All	0	0	45	1748	1574
Darkes Forest	All	0	0	35	3597	2487
Darling Point	All	0	0	40	4911	2245
Darlinghurst	All	0	0	44	3344	2448
Darlington (Singleton - NSW)	All	0	0	42	2573	2182
Darlington (Sydney - NSW)	All	0	0	44	2413	2593
Dartbrook	All	0	0	39	1279	1956
Davidson	All	0	0	36	4016	1938
Davis Creek	All	0	0	42	4096	2573
Davistown	All	0	0	40	4352	1692
Dawes Point	All	0	0	38	4134	2068
Dean Park	All	0	0	38	4096	2576
Dee Why	All	0	0	42	2185	2054
Denham Court	All	0	0	39	3267	2499
Denistone	All	0	0	44	2864	2131
Denistone East	All	0	0	38	1656	1858
Denistone West	All	0	0	45	1594	1575
Denman	All	0	0	41	2019	2268
Dharruk	All	0	0	39	4792	2319
Doctors Gap	All	0	0	35	2427	2942
Dog Rocks	All	0	0	38	4532	2371
Dolans Bay	All	0	0	36	4371	2589
Dolls Point	All	0	0	39	4456	2780
Dombarton	All	0	0	36	3098	1949
Doonside	All	0	0	41	3325	2193
Dooralong	All	0	0	45	3194	2511
Dora Creek	All	0	0	38	4275	2663
Double Bay	All	0	0	42	3724	2491
Douglas Park	All	0	0	43	4076	1573
Dover Heights	All	0	0	37	4431	1673
Doyalson	All	0	0	37	2532	2729
Doyalson North	All	0	0	36	2518	1666
Doyles Creek	All	0	0	38	2162	2352
Drummoyne	All	0	0	43	1512	2743
Duckenfield	All	0	0	45	1453	2140
Duckmaloi	All	0	0	35	3550	1815
Dudley	All	0	0	38	1441	2118
Duffys Forest	All	0	0	36	2430	1779
Dulwich Hill	All	0	0	40	1895	1513
Dundas (NSW)	All	0	0	43	1035	2963
Dundas Valley	All	0	0	35	4251	2622
Dungeree	All	0	0	42	4096	2414
Dungog	All	0	0	42	4472	2159
Dunkeld (NSW)	All	0	0	42	4770	1583
Dunmore (NSW)	All	0	0	41	3144	1622
Dunolly (NSW)	All	0	0	38	2648	2829
Duns Creek	All	0	0	38	4426	1887
Dunville Loop	All	0	0	37	4744	2166
Dural (Hornsby - NSW)	All	0	0	41	3400	2685
Dural (Singleton - NSW)	All	0	0	45	2658	2457
Duramana	All	0	0	40	2548	2288
Durren Durren	All	0	0	41	2866	2522
Dyrring	All	0	0	40	3628	1776
Eagle Vale	All	0	0	37	1786	2407
Eagleton	All	0	0	40	3211	1521
Earlwood	All	0	0	41	4338	1664
East Branxton	All	0	0	37	3173	2306
East Corrimal	All	0	0	42	4203	2518
East Gosford	All	0	0	39	4869	1805
East Gresford	All	0	0	43	2382	2834
East Hills	All	0	0	42	3070	2167
East Kangaloon	All	0	0	37	1783	2303
East Killara	All	0	0	43	4406	1886
East Kurrajong	All	0	0	44	4197	2317
East Lindfield	All	0	0	42	1265	2214
East Maitland	All	0	0	45	2991	2230
East Ryde	All	0	0	37	4664	2149
East Seaham	All	0	0	45	2336	2250
Eastern Creek	All	0	0	40	3530	2768
Eastgardens	All	0	0	39	1420	2410
Eastlakes	All	0	0	45	3483	1578
Eastwood (NSW)	All	0	0	44	3018	1605
Ebenezer (NSW)	All	0	0	39	2371	2175
Eccleston	All	0	0	45	4150	2280
Edderton	All	0	0	38	2494	2843
Edensor Park	All	0	0	43	1456	2102
Edgecliff	All	0	0	39	2365	2047
Edgeworth	All	0	0	41	2316	1976
Edith (NSW)	All	0	0	38	2140	2998
Edmondson Park	All	0	0	43	4037	1910
Eglinton (NSW)	All	0	0	35	3129	1892
Elanora Heights	All	0	0	42	3278	2397
Elderslie (Camden - NSW)	All	0	0	35	3133	2562
Elderslie (Singleton - NSW)	All	0	0	44	3234	1813
Eleebana	All	0	0	39	4656	2640
Elermore Vale	All	0	0	42	4500	2345
Elizabeth Bay	All	0	0	45	4202	1979
Elizabeth Beach	All	0	0	40	1705	2222
Elizabeth Hills	All	0	0	37	3798	1566
Ellalong	All	0	0	35	1903	2910
Ellis Lane	All	0	0	43	2561	2837
Elrington	All	0	0	38	1205	1596
Elvina Bay	All	0	0	39	3532	2148
Emerton	All	0	0	40	2087	2432
Empire Bay	All	0	0	42	2691	1830
Emu Heights (NSW)	All	0	0	38	4837	2350
Emu Plains	All	0	0	36	2969	1752
Enfield (NSW)	All	0	0	39	3832	1563
Engadine	All	0	0	42	4308	2547
Englorie Park	All	0	0	44	1786	2303
Enmore (Inner West - NSW)	All	0	0	42	4393	2953
Epping (NSW)	All	0	0	41	2295	1822
Eraring	All	0	0	42	3665	2687
Erina	All	0	0	43	4979	2242
Erina Heights	All	0	0	45	1878	2932
Ermington	All	0	0	41	3564	2453
Erowal Bay	All	0	0	45	1829	2222
Erskine Park	All	0	0	39	3515	1887
Erskineville	All	0	0	37	4762	1757
Erudgere	All	0	0	38	2748	2472
Eschol Park	All	0	0	41	2211	2330
Essington	All	0	0	35	2632	2602
Ettalong Beach	All	0	0	44	2239	2641
Ettrema	All	0	0	35	4566	1646
Eurunderee	All	0	0	45	3345	2983
Eveleigh	All	0	0	36	4412	1657
Exeter (NSW)	All	0	0	41	4129	2935
Fairfield (NSW)	All	0	0	42	1644	2587
Fairfield East	All	0	0	45	1820	1952
Fairfield Heights	All	0	0	44	1500	1580
Fairfield West	All	0	0	41	1663	2031
Fairlight	All	0	0	37	2174	2172
Fairy Meadow	All	0	0	42	3057	1542
Falbrook	All	0	0	44	3439	1726
Falls Creek (NSW)	All	0	0	43	3611	1726
Far Meadow	All	0	0	36	1941	1702
Farley	All	0	0	40	3425	1793
Farmborough Heights	All	0	0	45	1139	2306
Fassifern (NSW)	All	0	0	38	4847	2109
Faulconbridge	All	0	0	38	2261	2506
Fennell Bay	All	0	0	35	4434	2374
Fern Bay	All	0	0	44	1539	2143
Fern Gully	All	0	0	38	1763	2681
Fernances	All	0	0	40	2474	2290
Fernances Crossing	All	0	0	38	3998	2264
Fernhill	All	0	0	41	1135	1748
Ferodale	All	0	0	42	4820	1806
Fiddletown	All	0	0	40	3298	2106
Figtree	All	0	0	39	4745	2858
Fingal Bay	All	0	0	40	4284	1893
Fishermans Bay	All	0	0	38	3043	1857
Fishermans Paradise	All	0	0	35	3151	2039
Fishers Hill	All	0	0	35	2229	2445
Fishing Point	All	0	0	45	1794	2268
Fitzroy Falls	All	0	0	44	4900	1850
Five Dock	All	0	0	44	2239	2419
Flat Tops	All	0	0	41	2279	2804
Fletcher (NSW)	All	0	0	42	3665	2971
Flinders (NSW)	All	0	0	39	4572	2926
Floraville	All	0	0	42	1578	2831
Fordwich	All	0	0	39	4888	2890
Forest Glen (NSW)	All	0	0	36	1325	2825
Forest Grove (NSW)	All	0	0	44	2286	2715
Forest Lodge	All	0	0	36	3420	2825
Forestville (NSW)	All	0	0	38	1488	1558
Forresters Beach	All	0	0	45	4086	1689
Fosters Valley	All	0	0	40	3424	1587
Fosterton	All	0	0	45	2159	2947
Fountaindale	All	0	0	36	2937	2476
Foxground	All	0	0	45	3977	2762
Frazer Park	All	0	0	37	1787	1510
Freemans	All	0	0	43	4430	1811
Freemans Reach	All	0	0	40	1709	2705
Freemans Waterhole	All	0	0	42	1038	2524
Frenchs Forest	All	0	0	42	4113	2458
Freshwater (NSW)	All	0	0	41	2634	1990
Frog Rock	All	0	0	43	1994	1755
Fullerton Cove	All	0	0	42	2039	1965
Galambine	All	0	0	35	4466	2198
Galston	All	0	0	41	1199	2171
Ganbenang	All	0	0	42	1361	1611
Garden Suburb	All	0	0	40	4568	1730
Garland Valley	All	0	0	39	4453	2169
Gateshead	All	0	0	36	2585	2457
Gemalla	All	0	0	40	3356	2216
Georges Hall	All	0	0	40	2021	1748
Georgetown (NSW)	All	0	0	35	2332	1932
Gerringong	All	0	0	43	3774	1626
Gerroa	All	0	0	45	2155	1819
Giants Creek	All	0	0	39	4246	1609
Gilead	All	0	0	45	3432	2936
Gillieston Heights	All	0	0	35	4886	2999
Ginghi	All	0	0	42	3148	1654
Gingkin	All	0	0	36	3527	1732
Girraween (NSW)	All	0	0	43	3733	2930
Girvan	All	0	0	41	3061	1551
Gladesville	All	0	0	39	4802	2913
Glanmire (NSW)	All	0	0	43	3130	1648
Glebe (NSW)	All	0	0	36	3709	2132
Gledswood Hills	All	0	0	36	1368	2534
Glen Alice	All	0	0	40	2298	2682
Glen Alpine	All	0	0	45	1343	2266
Glen Davis	All	0	0	43	4185	2661
Glen Martin	All	0	0	42	2730	2280
Glen Oak	All	0	0	44	3186	2826
Glen William	All	0	0	38	2559	1915
Glenbawn	All	0	0	45	3703	2288
Glenbrook	All	0	0	41	3332	1611
Glendale (NSW)	All	0	0	45	2624	1649
Glendenning	All	0	0	40	1120	2675
Glendon	All	0	0	45	1997	2843
Glendon Brook	All	0	0	42	4169	2803
Glenfield (NSW)	All	0	0	35	1104	2285
Glenhaven	All	0	0	44	4737	2190
Glenmore (NSW)	All	0	0	40	4012	1591
Glenmore Park	All	0	0	44	4118	2012
Glennies Creek	All	0	0	35	3448	1663
Glenning Valley	All	0	0	43	2656	1818
Glenorie	All	0	0	37	2571	2766
Glenquarry	All	0	0	37	2342	1599
Glenridding	All	0	0	45	4117	2970
Glenwood (NSW)	All	0	0	44	3270	2131
Glenworth Valley	All	0	0	35	3215	1744
Glossodia	All	0	0	44	2815	2064
Good Forest	All	0	0	36	2731	2265
Goorangoola	All	0	0	40	3591	1971
Gordon (NSW)	All	0	0	44	1528	1700
Gormans Hill	All	0	0	40	4249	2863
Gorokan	All	0	0	36	4845	2617
Gosford	All	0	0	35	1838	1521
Gosforth	All	0	0	40	2983	1604
Goulburn	All	0	0	43	4462	2024
Gouldsville	All	0	0	36	4162	1532
Gowrie (Singleton - NSW)	All	0	0	35	3068	1581
Granville (NSW)	All	0	0	37	3219	2640
Grasmere	All	0	0	42	4068	1860
Grattai	All	0	0	40	2141	2186
Grays Point	All	0	0	42	4704	1624
Great Mackerel Beach	All	0	0	37	3986	2450
Green Gully (NSW)	All	0	0	40	1591	2382
Green Point (Central Coast - NSW)	All	0	0	38	4792	1937
Green Point (Gosford - NSW)	All	0	0	37	4632	2470
Green Valley (NSW)	All	0	0	41	3168	1930
Greenacre	All	0	0	42	2287	2300
Greendale (Liverpool - NSW)	All	0	0	40	1452	2626
Greenfield Park	All	0	0	37	2673	2499
Greengrove	All	0	0	43	1239	2797
Greenhills Beach	All	0	0	42	4530	1735
Greenlands (Singleton - NSW)	All	0	0	38	4108	2455
Greenwell Point	All	0	0	42	1704	2447
Greenwich	All	0	0	45	3852	1697
Greenwich Park	All	0	0	41	2722	1995
Gregory Hills	All	0	0	45	1225	1653
Gresford	All	0	0	41	3298	1577
Greta (NSW)	All	0	0	39	1985	1923
Greta Main	All	0	0	43	1054	2112
Greystanes	All	0	0	37	2943	2071
Grose Vale	All	0	0	38	2593	2082
Grose Wold	All	0	0	41	3317	1604
Growee	All	0	0	36	1562	1504
Guildford (NSW)	All	0	0	42	3477	2882
Guildford West	All	0	0	45	2373	1891
Gulgong	All	0	0	37	1081	2166
Gundary	All	0	0	44	1491	2544
Gunderman	All	0	0	37	3668	2003
Gungal	All	0	0	38	1203	2365
Gurnang	All	0	0	42	2694	2686
Gwandalan	All	0	0	35	3789	2586
Gwynneville	All	0	0	45	3888	2110
Gymea	All	0	0	37	3700	2345
Gymea Bay	All	0	0	39	1600	1686
Haberfield	All	0	0	35	4812	2663
Halekulani	All	0	0	43	2988	2981
Halloran	All	0	0	35	4688	2776
Halton	All	0	0	43	3392	1929
Hambledon Hill	All	0	0	38	2067	1580
Hamilton (NSW)	All	0	0	45	3229	1871
Hamilton East	All	0	0	42	1612	2674
Hamilton North	All	0	0	40	3062	2471
Hamilton South	All	0	0	44	1844	2924
Hamlyn Terrace	All	0	0	41	4132	2012
Hammondville	All	0	0	35	2681	2056
Hampton (NSW)	All	0	0	45	1251	1718
Hanleys Creek	All	0	0	41	3829	2108
Hardys Bay	All	0	0	39	2916	1722
Harpers Hill	All	0	0	45	2459	2806
Harrington Park	All	0	0	41	3400	1975
Harris Park	All	0	0	41	3034	2108
Hartley (NSW)	All	0	0	42	3506	1516
Hartley Vale	All	0	0	39	2030	2790
Hassall Grove	All	0	0	40	3767	2345
Hassans Walls	All	0	0	37	1994	2145
Havilah (NSW)	All	0	0	37	3664	2067
Hawkesbury Heights	All	0	0	45	4159	2185
Hawks Nest	All	0	0	38	1963	2839
Hayes Gap	All	0	0	36	3884	1702
Haymarket	All	0	0	37	1755	2634
Haywards Bay	All	0	0	35	3243	2463
Hazelbrook	All	0	0	44	2776	2930
Hazelgrove	All	0	0	38	3786	1951
Heathcote (NSW)	All	0	0	44	3428	2331
Heatherbrae	All	0	0	45	4859	1928
Hebden	All	0	0	44	3014	1503
Hebersham	All	0	0	40	3949	2435
Heckenberg	All	0	0	45	1208	2606
Heddon Greta	All	0	0	39	2093	1962
Helensburgh	All	0	0	41	3015	2696
Henley	All	0	0	44	4164	2101
Hermitage Flat	All	0	0	36	3275	2470
Hexham (NSW)	All	0	0	38	3402	1902
High Range	All	0	0	38	2571	2338
Higher Macdonald	All	0	0	35	3913	2962
Highfields (NSW)	All	0	0	43	4762	2754
Hill End (NSW)	All	0	0	45	3951	1843
Hill Top (Wingecarribee - NSW)	All	0	0	43	2651	2906
Hilldale	All	0	0	39	3154	2569
Hillsborough (Lake Macquarie - NSW)	All	0	0	38	1556	2095
Hillsborough (Maitland - NSW)	All	0	0	38	1775	2063
Hillsdale	All	0	0	43	4769	2065
Hinchinbrook (NSW)	All	0	0	35	3482	1745
Hinton	All	0	0	35	3738	1844
Hobartville (NSW)	All	0	0	39	1537	1759
Holgate	All	0	0	40	3620	1927
Hollydeen	All	0	0	40	2580	2068
Holmesville	All	0	0	36	2707	2482
Holroyd	All	0	0	38	1999	1506
Holsworthy	All	0	0	35	1382	1560
Home Rule	All	0	0	35	4259	2612
Homebush (NSW)	All	0	0	35	3387	1581
Homebush West	All	0	0	39	1833	1707
Horningsea Park	All	0	0	43	2270	1606
Hornsby	All	0	0	38	2526	2906
Hornsby Heights	All	0	0	37	4951	1662
Horseshoe Bend	All	0	0	37	1076	1980
Horsfield Bay	All	0	0	39	4366	2855
Horsley	All	0	0	39	1673	1768
Horsley Park	All	0	0	45	1247	2765
Howes Valley	All	0	0	37	4131	2312
Howick (NSW)	All	0	0	35	4829	2569
Hoxton Park	All	0	0	44	4715	2099
Hunters Hill	All	0	0	43	3903	2904
Hunterview	All	0	0	45	4545	2523
Huntingwood	All	0	0	44	1204	2986
Huntley (Wollongong - NSW)	All	0	0	44	2380	1687
Huntleys Cove	All	0	0	43	1728	2173
Huntleys Point	All	0	0	39	4458	2760
Hurlstone Park	All	0	0	42	1840	2467
Hurstville	All	0	0	35	4729	2398
Hurstville Grove	All	0	0	40	4631	1524
Huskisson	All	0	0	45	2556	2648
Hyams Beach	All	0	0	44	2955	1618
Ilford	All	0	0	44	1821	2024
Illaroo	All	0	0	39	2655	1992
Illawong	All	0	0	37	1352	2171
Ingleburn	All	0	0	37	1563	2202
Ingleside	All	0	0	42	2153	2230
Islington	All	0	0	38	1472	2351
Jamberoo	All	0	0	42	4668	2443
Jamisontown	All	0	0	44	1320	2504
Jannali	All	0	0	39	2196	1940
Jaspers Brush	All	0	0	40	1776	2229
Jaunter	All	0	0	45	1405	2760
Jenolan	All	0	0	40	4846	2619
Jerrara	All	0	0	39	2562	1704
Jerrawangala	All	0	0	45	1681	1879
Jerrong	All	0	0	36	4466	1605
Jerrys Plains	All	0	0	37	2456	2066
Jesmond	All	0	0	42	4304	1762
Jewells	All	0	0	40	4150	2586
Jilliby	All	0	0	36	1813	1670
Joadja	All	0	0	39	4878	2399
Jordan Springs	All	0	0	39	2653	2563
Kahibah	All	0	0	38	2424	2877
Kains Flat	All	0	0	35	4525	2895
Kanahooka	All	0	0	45	2813	2841
Kanangra	All	0	0	35	4890	2697
Kandos	All	0	0	43	1823	2696
Kangaloon	All	0	0	45	1334	1975
Kangaroo Point (NSW)	All	0	0	38	1299	2620
Kangaroo Valley	All	0	0	37	1679	1888
Kangy Angy	All	0	0	43	1113	2367
Kanimbla (NSW)	All	0	0	40	3520	1793
Kanwal	All	0	0	37	2663	2066
Kareela	All	0	0	36	2211	2628
Kariong	All	0	0	36	3155	1608
Karuah	All	0	0	42	4515	2232
Katoomba	All	0	0	38	3894	2768
Kayuga	All	0	0	38	1885	2286
Kearns	All	0	0	36	1192	2366
Kearsley	All	0	0	42	4012	1812
Keinbah	All	0	0	38	4940	2107
Keiraville	All	0	0	44	2830	2491
Kellyville	All	0	0	36	4309	2053
Kellyville Ridge	All	0	0	41	1840	2572
Kelso (NSW)	All	0	0	42	4312	2634
Kembla Grange	All	0	0	42	1299	1880
Kembla Heights	All	0	0	42	2577	2641
Kemps Creek	All	0	0	39	3081	1521
Kensington (NSW)	All	0	0	38	2674	2666
Kenthurst	All	0	0	35	4877	1532
Kentlyn	All	0	0	38	3272	2168
Kerrabee	All	0	0	41	2204	1829
Kiama	All	0	0	40	4181	1630
Kiama Downs	All	0	0	38	2482	1607
Kiama Heights	All	0	0	45	3156	2591
Kiar	All	0	0	40	4034	1882
Kilaben Bay	All	0	0	40	3972	2113
Killara (NSW)	All	0	0	44	4706	2795
Killarney Heights	All	0	0	38	1477	1783
Killarney Vale	All	0	0	38	3113	1701
Killcare	All	0	0	43	1864	2009
Killcare Heights	All	0	0	40	4948	1655
Killingworth (NSW)	All	0	0	44	1772	1885
Kincumber	All	0	0	37	3449	1993
Kincumber South	All	0	0	39	4596	2320
Kingfisher Shores	All	0	0	40	3317	1715
Kinghorne	All	0	0	37	4124	2796
Kings Langley	All	0	0	44	1603	1557
Kings Park (NSW)	All	0	0	44	2540	2142
Kingsdale	All	0	0	44	1827	2897
Kingsford (NSW)	All	0	0	38	2687	1967
Kingsgrove	All	0	0	39	2277	1619
Kingswood (Penrith - NSW)	All	0	0	39	4176	2026
Kirkconnell	All	0	0	36	4829	1744
Kirkham	All	0	0	38	4415	2321
Kirrawee	All	0	0	36	3250	2411
Kirribilli	All	0	0	41	2427	2390
Kitchener	All	0	0	38	2987	2293
Knights Hill	All	0	0	37	1519	2840
Kogarah	All	0	0	37	4131	2145
Kogarah Bay	All	0	0	40	4672	1505
Koolewong	All	0	0	35	2784	2546
Koonawarra	All	0	0	36	3869	2644
Kooragang	All	0	0	42	2378	1695
Kotara	All	0	0	40	3026	2234
Kotara South	All	0	0	44	1963	2796
Ku-Ring-Gai Chase	All	0	0	37	2398	2412
Kulnura	All	0	0	43	1230	2171
Kurmond	All	0	0	39	2269	1633
Kurnell	All	0	0	45	3949	2647
Kurraba Point	All	0	0	36	1382	1869
Kurrajong	All	0	0	42	4665	1574
Kurrajong Heights	All	0	0	39	2688	2366
Kurrajong Hills	All	0	0	36	4656	2214
Kurri Kurri	All	0	0	45	2674	1780
Kyeemagh	All	0	0	37	3806	2396
Kyle Bay	All	0	0	43	3413	2191
La Perouse	All	0	0	40	1037	2705
Laffing Waters	All	0	0	35	1764	2341
Laguna	All	0	0	37	1423	2329
Lake Haven	All	0	0	37	3536	2679
Lake Heights	All	0	0	41	4670	2451
Lake Illawarra	All	0	0	35	4130	2983
Lake Macquarie	All	0	0	41	3686	2153
Lake Munmorah	All	0	0	37	4803	2938
Lakelands (NSW)	All	0	0	37	1103	1818
Lakemba	All	0	0	44	4395	2874
Lakesland	All	0	0	35	2288	2838
Lalor Park	All	0	0	40	2017	1670
Lambs Valley (Singleton - NSW)	All	0	0	39	3143	1825
Lambton	All	0	0	35	3371	2236
Lane Cove	All	0	0	44	1941	1550
Lane Cove North	All	0	0	39	1555	1706
Lane Cove West	All	0	0	44	4013	1545
Lansdowne (Canterbury-Bankstown - NSW)	All	0	0	36	2821	1593
Lansvale	All	0	0	43	1181	1931
Lapstone	All	0	0	45	2197	2439
Largs	All	0	0	44	3022	1749
Laughtondale	All	0	0	42	4881	2104
Lavender Bay	All	0	0	35	3668	1587
Lawson (NSW)	All	0	0	43	2540	2876
Leadville	All	0	0	35	2771	1655
Leconfield	All	0	0	42	3350	2015
Lee Creek	All	0	0	38	4335	2964
Leets Vale	All	0	0	38	2831	2726
Leichhardt (NSW)	All	0	0	40	4922	1638
Lemington	All	0	0	40	3164	2031
Lemon Tree	All	0	0	40	3993	2924
Lemon Tree Passage	All	0	0	43	3722	2478
Len Waters Estate	All	0	0	40	4931	2899
Lenaghan	All	0	0	37	4162	1540
Leonay	All	0	0	41	1951	2661
Leppington	All	0	0	44	2464	2622
Lethbridge Park	All	0	0	43	2353	2081
Leumeah	All	0	0	39	3845	2276
Leura	All	0	0	43	3194	2870
Lewinsbrook	All	0	0	44	3798	1894
Lewisham (NSW)	All	0	0	36	1282	2040
Liberty Grove	All	0	0	38	4710	2302
Lidcombe	All	0	0	37	3816	1746
Liddell	All	0	0	42	3911	2876
Lidsdale	All	0	0	45	2567	2395
Lilli Pilli (Sutherland Shire - NSW)	All	0	0	45	2267	2478
Lilyfield	All	0	0	45	1318	2146
Lilyvale (NSW)	All	0	0	40	4555	2411
Limeburners Creek (Mid-Coast - NSW)	All	0	0	42	3085	1510
Limekilns	All	0	0	42	1782	1883
Linburn	All	0	0	37	2168	2281
Linden (NSW)	All	0	0	36	4107	1516
Lindfield	All	0	0	39	4429	2918
Linley Point	All	0	0	40	2769	2747
Lisarow	All	0	0	38	2979	2112
Lithgow	All	0	0	35	2328	2525
Little Bay	All	0	0	39	2780	1704
Little Hartley	All	0	0	44	2879	2548
Little Jilliby	All	0	0	43	2525	1545
Little Pelican	All	0	0	36	4190	2871
Little Wobby	All	0	0	43	1164	2277
Littleton	All	0	0	35	3335	2508
Liverpool	All	0	0	43	4385	1682
Llanarth (NSW)	All	0	0	37	4530	1847
Llandilo	All	0	0	41	4832	2322
Lochinvar	All	0	0	38	2138	1648
Locksley (NSW)	All	0	0	38	4564	1781
Loftus	All	0	0	44	3063	2672
Londonderry (NSW)	All	0	0	35	4800	2971
Long Jetty	All	0	0	37	2282	2087
Long Point (Campbelltown - NSW)	All	0	0	36	4926	2351
Long Point (Singleton - NSW)	All	0	0	39	2314	1995
Longreach (NSW)	All	0	0	39	4061	2141
Longueville	All	0	0	44	4465	2925
Lord Howe Island	All	0	0	42	2194	2757
Lorn	All	0	0	39	2241	2963
Lostock	All	0	0	39	2191	2014
Louth Park	All	0	0	39	1696	2944
Lovedale	All	0	0	45	3520	2107
Lovett Bay	All	0	0	41	1999	2931
Lower Belford	All	0	0	41	1520	1535
Lower Macdonald	All	0	0	40	1617	2091
Lower Mangrove	All	0	0	41	3433	1933
Lower Portland	All	0	0	40	4004	1686
Lowther	All	0	0	40	1905	1705
Loxford	All	0	0	36	2139	2102
Lucas Heights	All	0	0	41	4077	2408
Luddenham	All	0	0	44	2066	2494
Lue	All	0	0	40	1289	2575
Lugarno	All	0	0	42	3855	1885
Lurnea	All	0	0	45	4180	2492
Luskintyre	All	0	0	41	4449	2609
Macmasters Beach	All	0	0	42	3976	2670
Macquarie Fields	All	0	0	38	3564	2329
Macquarie Hills	All	0	0	41	2631	1681
Macquarie Links	All	0	0	36	1862	2407
Macquarie Park	All	0	0	39	2156	2420
Macquarie Pass	All	0	0	35	1077	2063
Maddens Plains	All	0	0	41	1123	2739
Magenta (NSW)	All	0	0	45	2725	2449
Maianbar	All	0	0	43	2532	2539
Main Creek	All	0	0	43	3453	2000
Maison Dieu	All	0	0	44	3317	1619
Maitland (NSW)	All	0	0	44	3403	1555
Maitland Bar	All	0	0	36	2399	2415
Maitland Vale	All	0	0	40	1438	2787
Malabar	All	0	0	45	4740	2169
Maldon (NSW)	All	0	0	36	4705	1507
Mallabula	All	0	0	40	4005	2755
Manchester Square	All	0	0	43	1857	2217
Mandalong	All	0	0	38	3154	2229
Mandemar	All	0	0	43	3449	2500
Mangerton	All	0	0	41	2606	1645
Mangoola	All	0	0	42	4381	2172
Mangrove Creek	All	0	0	43	3812	2948
Mangrove Mountain	All	0	0	42	2759	2285
Manly (NSW)	All	0	0	39	4941	2094
Manly Vale	All	0	0	35	3165	1516
Mannering Park	All	0	0	43	4058	2033
Manobalai	All	0	0	39	1649	2602
Maraylya	All	0	0	39	3067	1703
Marayong	All	0	0	39	2876	2067
Mardi	All	0	0	35	1403	1689
Marks Point	All	0	0	42	3275	2899
Markwell	All	0	0	44	1950	1833
Marlow	All	0	0	40	4952	1903
Marmong Point	All	0	0	43	2947	1707
Maroota	All	0	0	41	2253	2481
Maroubra	All	0	0	35	1344	1872
Marrangaroo	All	0	0	42	1828	2071
Marrickville	All	0	0	42	2650	2922
Marsden Park	All	0	0	42	1257	2101
Marsfield	All	0	0	44	1851	2481
Marshall Mount	All	0	0	44	1695	2754
Marshdale	All	0	0	43	4274	2035
Martindale	All	0	0	39	2429	2315
Martins Creek	All	0	0	40	2951	1505
Martinsville	All	0	0	35	1621	2496
Marulan	All	0	0	44	4196	2116
Maryland (Newcastle - NSW)	All	0	0	36	4181	1635
Maryville	All	0	0	42	3524	2269
Mascot	All	0	0	37	3393	2505
Matcham	All	0	0	41	4136	1715
Matraville	All	0	0	39	3322	2941
Mayers Flat	All	0	0	35	4720	1651
Mayfield (Newcastle - NSW)	All	0	0	44	4774	2388
Mayfield (Oberon - NSW)	All	0	0	41	3003	2862
Mayfield (Shoalhaven - NSW)	All	0	0	42	2236	2897
Mayfield East	All	0	0	37	1131	1854
Mayfield North	All	0	0	36	2376	1859
Mayfield West	All	0	0	44	4311	2505
Mays Hill	All	0	0	36	3139	2678
McCullys Gap	All	0	0	37	3904	2814
McDougalls Hill	All	0	0	38	2151	1607
McGraths Hill	All	0	0	44	1729	2529
McKellars Park	All	0	0	37	3483	1776
McMahons Point	All	0	0	40	3192	2181
Meadow Flat	All	0	0	45	4346	1838
Meadowbank (NSW)	All	0	0	40	2035	2730
Mebul	All	0	0	36	4532	2238
Medlow Bath	All	0	0	37	2173	2788
Medowie	All	0	0	36	1092	1688
Medway	All	0	0	36	3542	1909
Megalong Valley	All	0	0	43	4520	2485
Mellong	All	0	0	40	1633	2627
Melrose Park (NSW)	All	0	0	42	3581	2942
Melville (NSW)	All	0	0	38	1083	2152
Menah	All	0	0	39	3428	1867
Menai	All	0	0	41	4560	2836
Menangle	All	0	0	43	2680	2405
Menangle Park	All	0	0	41	2287	2471
Merewether	All	0	0	44	3599	1834
Merewether Heights	All	0	0	37	1831	2663
Meroo	All	0	0	40	4823	2090
Meroo Meadow	All	0	0	38	3611	2416
Merotherie	All	0	0	44	1844	1673
Merrylands	All	0	0	41	1244	2352
Merrylands West	All	0	0	37	3735	2795
Meryla	All	0	0	36	4865	2599
Metford	All	0	0	35	4249	1889
Middle Arm	All	0	0	44	3539	2039
Middle Cove	All	0	0	42	1672	2482
Middle Dural	All	0	0	35	4886	2024
Middle Falbrook	All	0	0	37	4835	2964
Middleton Grange	All	0	0	43	3106	1894
Milbrodale	All	0	0	39	4278	2610
Milkers Flat	All	0	0	41	4607	1829
Millah Murrah	All	0	0	35	3998	2537
Miller	All	0	0	39	2945	2713
Millers Forest	All	0	0	45	4400	1727
Millers Point	All	0	0	36	4563	2106
Millfield	All	0	0	40	2005	2239
Milperra	All	0	0	39	4420	1531
Milroy (Mid-Western Regional - NSW)	All	0	0	35	3919	1731
Milsons Passage	All	0	0	41	2995	1973
Milsons Point	All	0	0	37	1908	1521
Minchinbury	All	0	0	45	2022	2412
Mindaribba	All	0	0	35	2161	1516
Minmi	All	0	0	38	4781	1602
Minnamurra	All	0	0	37	1159	1848
Minto	All	0	0	38	3799	2121
Minto Heights	All	0	0	41	4399	1554
Miranda (NSW)	All	0	0	41	3953	1935
Mirannie	All	0	0	37	3240	2771
Mirrabooka (NSW)	All	0	0	42	1990	2738
Mitchell (NSW)	All	0	0	41	2020	1542
Mitchells Flat	All	0	0	41	2123	2309
Mittagong	All	0	0	35	2419	2884
Mogo (Mid-Western Regional - NSW)	All	0	0	38	3925	2012
Mogo Creek	All	0	0	42	3907	2270
Mona Vale	All	0	0	37	3655	1528
Mondayong	All	0	0	38	2463	2337
Monivae	All	0	0	39	3561	2466
Monkerai	All	0	0	41	4491	2576
Monterey	All	0	0	38	1404	2846
Moobi	All	0	0	38	3663	1555
Moolarben	All	0	0	39	2917	2699
Moollattoo	All	0	0	39	3984	2912
Moonee	All	0	0	43	2669	2720
Mooney Mooney	All	0	0	44	4955	2065
Mooney Mooney Creek	All	0	0	39	4288	2796
Moore Park	All	0	0	44	1174	2741
Moorebank	All	0	0	43	1362	2727
Morisset	All	0	0	43	1037	2104
Morisset Park	All	0	0	42	1818	2111
Morning Bay	All	0	0	36	1433	2075
Morpeth	All	0	0	40	2218	2689
Mortdale	All	0	0	44	3129	1650
Mortlake (NSW)	All	0	0	37	2817	1939
Morts Estate	All	0	0	44	2931	2497
Mosman	All	0	0	38	3752	2182
Moss Vale	All	0	0	37	4971	2554
Mount Annan	All	0	0	36	4958	2998
Mount Colah	All	0	0	45	3978	2709
Mount David	All	0	0	35	4271	2498
Mount Dee	All	0	0	41	3491	1788
Mount Druitt	All	0	0	41	2986	2576
Mount Elliot (NSW)	All	0	0	39	4028	1902
Mount Frome	All	0	0	35	2008	2265
Mount Hunter	All	0	0	44	4873	2442
Mount Hutton (NSW)	All	0	0	35	3449	2263
Mount Irvine	All	0	0	36	3789	2146
Mount Keira	All	0	0	36	2043	2768
Mount Kembla	All	0	0	41	4699	2274
Mount Knowles	All	0	0	43	3011	2942
Mount Kuring-Gai	All	0	0	41	3895	1644
Mount Lambie	All	0	0	44	4661	2450
Mount Lewis	All	0	0	45	1544	2590
Mount Lindsey	All	0	0	35	3604	2436
Mount Marsden	All	0	0	40	1108	2489
Mount Murray	All	0	0	43	3323	2819
Mount Olive (Oberon - NSW)	All	0	0	44	3563	2876
Mount Olive (Singleton - NSW)	All	0	0	40	3516	2416
Mount Ousley	All	0	0	42	2690	1648
Mount Panorama	All	0	0	43	1426	1814
Mount Pleasant (NSW)	All	0	0	41	3478	2911
Mount Pritchard	All	0	0	43	1335	2743
Mount Rankin	All	0	0	44	1185	2903
Mount Rivers	All	0	0	39	3986	2108
Mount Riverview	All	0	0	36	3117	2475
Mount Royal	All	0	0	41	1720	2188
Mount Saint Thomas	All	0	0	45	4286	2200
Mount Thorley	All	0	0	35	3288	2074
Mount Tomah	All	0	0	36	3668	1637
Mount Vernon	All	0	0	42	2187	2187
Mount Victoria	All	0	0	41	2192	2519
Mount View	All	0	0	43	3440	1531
Mount Vincent	All	0	0	41	4967	2203
Mount Warrigal	All	0	0	43	4017	2137
Mount Werong	All	0	0	41	1315	2695
Mount White	All	0	0	40	1104	2751
Mount Wilson	All	0	0	35	4059	1996
Mountain Lagoon	All	0	0	35	4277	2572
Mowbray Park	All	0	0	38	3328	2192
Mozart	All	0	0	44	1487	2301
Mudgee	All	0	0	37	4685	1509
Mulbring	All	0	0	40	1144	1653
Mulgoa	All	0	0	37	1772	2862
Mulgrave (NSW)	All	0	0	36	3668	2515
Mullamuddy	All	0	0	42	2348	1678
Mundamia	All	0	0	45	2140	1771
Munghorn	All	0	0	42	1102	2901
Mungo Brush	All	0	0	35	3869	1845
Munni	All	0	0	45	2641	2947
Murrays Beach	All	0	0	38	3478	2597
Murrays Run	All	0	0	40	3106	2596
Murrumbo	All	0	0	42	4270	2361
Muscle Creek	All	0	0	41	1397	2786
Muswellbrook	All	0	0	40	4984	2349
Myall Lake	All	0	0	44	3716	2486
Myola (NSW)	All	0	0	36	4565	2550
Myrtleville	All	0	0	43	4083	1796
Myuna Bay	All	0	0	41	2036	2493
Napoleon Reef	All	0	0	41	4967	2477
Narara	All	0	0	44	4722	1819
Narellan	All	0	0	38	2889	2275
Narellan Vale	All	0	0	38	1558	1867
Naremburn	All	0	0	43	4326	2811
Narone Creek	All	0	0	43	4033	1987
Narrabeen	All	0	0	36	2716	2083
Narraweena	All	0	0	43	3484	2385
Narwee	All	0	0	44	3693	1936
Nattai	All	0	0	40	2799	1620
Neath	All	0	0	43	1461	2894
Nelson (The Hills Shire - NSW)	All	0	0	43	1899	2216
Nelson Bay (NSW)	All	0	0	37	4530	1867
Nelsons Plains	All	0	0	43	3832	2418
Nerong	All	0	0	37	2685	2121
Neutral Bay	All	0	0	36	4983	1769
New Berrima	All	0	0	36	2967	2565
New Lambton	All	0	0	35	3503	2320
New Lambton Heights	All	0	0	40	4323	1755
Newcastle	All	0	0	36	4542	2978
Newcastle East	All	0	0	39	4466	2285
Newcastle West	All	0	0	41	1140	2001
Newington (NSW)	All	0	0	40	2077	2732
Newnes	All	0	0	40	2347	2747
Newnes Plateau	All	0	0	45	1808	2197
Newport (NSW)	All	0	0	42	2906	1930
Newtown (NSW)	All	0	0	37	4688	1517
Niagara Park	All	0	0	36	2601	1821
Nooroo	All	0	0	45	2108	1923
Norah Head	All	0	0	39	4488	2089
Noraville	All	0	0	38	4847	1876
Nords Wharf	All	0	0	35	4663	2762
Normanhurst	All	0	0	40	2557	2210
North Arm Cove	All	0	0	42	2696	2174
North Avoca	All	0	0	37	4766	1767
North Balgowlah	All	0	0	43	2969	2725
North Bondi	All	0	0	36	1731	2630
North Curl Curl	All	0	0	36	3889	1672
North Epping	All	0	0	36	1148	2060
North Gosford	All	0	0	41	4067	2131
North Lambton	All	0	0	36	2954	2368
North Macquarie	All	0	0	40	1895	2435
North Manly	All	0	0	45	3189	1724
North Narrabeen	All	0	0	43	1648	2837
North Nowra	All	0	0	43	3157	2659
North Parramatta	All	0	0	35	3822	1831
North Richmond	All	0	0	45	1206	2728
North Rocks	All	0	0	40	3486	2490
North Rothbury	All	0	0	41	2217	2352
North Ryde	All	0	0	36	4570	1900
North St Marys	All	0	0	45	1852	2753
North Strathfield	All	0	0	44	1395	2688
North Sydney	All	0	0	37	3224	2011
North Turramurra	All	0	0	40	4378	2904
North Wahroonga	All	0	0	36	1383	2516
North Willoughby	All	0	0	41	2080	2957
North Wollongong	All	0	0	44	1541	2787
Northbridge (NSW)	All	0	0	45	3510	2555
Northmead	All	0	0	42	4450	1565
Northwood (NSW)	All	0	0	41	1410	1700
Norway	All	0	0	45	3450	2261
Nowra	All	0	0	35	1054	1829
Nowra Hill	All	0	0	43	1438	2979
Nulkaba	All	0	0	36	2788	2759
Nullo Mountain	All	0	0	43	2760	2005
Numbaa	All	0	0	40	2419	1906
O'Connell (NSW)	All	0	0	40	1349	2852
Oak Flats	All	0	0	43	1125	2941
Oakdale (NSW)	All	0	0	40	1113	1815
Oakey Park	All	0	0	42	4331	2506
Oakhampton	All	0	0	41	3873	2084
Oakhampton Heights	All	0	0	35	3631	2384
Oakhurst (NSW)	All	0	0	36	2597	2036
Oakville	All	0	0	39	3549	1626
Oatlands (NSW)	All	0	0	37	3588	1653
Oatley	All	0	0	41	1839	2323
Obanvale	All	0	0	42	2342	2570
Oberon	All	0	0	43	3407	2521
Old Erowal Bay	All	0	0	39	2038	2718
Old Guildford	All	0	0	35	4152	2708
Old Toongabbie	All	0	0	38	1308	2986
Olinda (NSW)	All	0	0	40	2635	2528
Olney	All	0	0	44	3068	2614
One Mile (NSW)	All	0	0	43	2479	1861
Oran Park	All	0	0	41	2513	2825
Orangeville	All	0	0	42	1872	2060
Orchard Hills	All	0	0	36	3925	1618
Orient Point	All	0	0	36	3279	1580
Orton Park	All	0	0	41	2146	2347
Osterley (NSW)	All	0	0	39	3685	2782
Oswald	All	0	0	44	3928	2136
Otford	All	0	0	44	1704	2917
Ourimbah	All	0	0	45	1811	2956
Owens Gap	All	0	0	40	3182	2335
Oxford Falls	All	0	0	44	1128	2072
Oxley Park	All	0	0	38	2210	2059
Oyster Bay	All	0	0	42	4328	2510
Oyster Cove (NSW)	All	0	0	44	2163	2761
Paddington (NSW)	All	0	0	45	4097	2634
Paddys River (Wingecarribee - NSW)	All	0	0	44	1048	1558
Padstow	All	0	0	38	3255	2168
Padstow Heights	All	0	0	39	1671	2725
Pagewood	All	0	0	39	2050	1770
Paling Yards (Bathurst Regional - NSW)	All	0	0	36	2495	1859
Paling Yards (Oberon - NSW)	All	0	0	36	3196	2416
Palm Beach (NSW)	All	0	0	44	1721	2937
Palm Grove (NSW)	All	0	0	39	2781	2893
Palmdale (NSW)	All	0	0	44	2591	1689
Palmers Oaky	All	0	0	45	1919	1851
Panania	All	0	0	36	4842	2429
Parklea	All	0	0	37	4216	2169
Parma	All	0	0	41	4070	2397
Parramatta	All	0	0	41	3477	2796
Paterson (NSW)	All	0	0	38	2545	1572
Patonga	All	0	0	39	2657	2259
Paxton	All	0	0	40	2526	2980
Paynes Crossing	All	0	0	35	1556	2357
Peakhurst	All	0	0	36	2536	2176
Peakhurst Heights	All	0	0	39	3691	2118
Pearl Beach	All	0	0	35	3356	2932
Peats Ridge	All	0	0	42	1577	2395
Peel	All	0	0	38	3354	1841
Pelaw Main	All	0	0	38	2178	2408
Pelican (NSW)	All	0	0	40	2606	2668
Pelton	All	0	0	45	3749	2332
Pemulwuy	All	0	0	42	3347	1634
Pendle Hill	All	0	0	35	2356	2619
Pennant Hills	All	0	0	44	4381	2897
Penrith	All	0	0	41	1260	1525
Penrose	All	0	0	35	3272	2937
Penshurst (NSW)	All	0	0	40	1235	2808
Perrys Crossing	All	0	0	38	3099	2114
Perthville	All	0	0	40	3208	2197
Petersham	All	0	0	40	1769	1922
Pheasants Nest	All	0	0	35	2992	1832
Phegans Bay	All	0	0	40	3985	2955
Phillip Bay	All	0	0	36	4617	2723
Phoenix Park	All	0	0	43	3844	1508
Piambong	All	0	0	39	4286	1670
Picketts Valley	All	0	0	37	3047	1553
Picnic Point	All	0	0	37	1306	2718
Picton (NSW)	All	0	0	42	2188	2268
Pindimar	All	0	0	41	1707	2061
Pinnacle Swamp	All	0	0	35	3457	2285
Pinny Beach	All	0	0	39	2137	2163
Pitnacree	All	0	0	36	1682	1833
Pitt Town	All	0	0	36	1720	2920
Pitt Town Bottoms	All	0	0	39	2904	2683
Pleasure Point	All	0	0	38	4147	2111
Plumpton (NSW)	All	0	0	45	3383	2188
Point Clare	All	0	0	43	2612	2766
Point Frederick	All	0	0	39	2706	2792
Point Piper	All	0	0	43	1619	2925
Point Wolstoncroft	All	0	0	42	1933	2048
Pokolbin	All	0	0	44	2089	2787
Port Botany	All	0	0	39	1025	1924
Port Hacking	All	0	0	42	2109	2868
Port Kembla	All	0	0	37	2440	1501
Port Stephens	All	0	0	42	2856	2512
Porters Retreat	All	0	0	38	1093	2479
Portland (NSW)	All	0	0	42	3150	1741
Pottery Estate	All	0	0	45	2749	1592
Potts Hill	All	0	0	44	1636	2917
Potts Point	All	0	0	42	1880	2601
Prairiewood	All	0	0	37	3952	2724
Prestons	All	0	0	39	3127	2214
Pretty Beach (Central Coast - NSW)	All	0	0	39	1380	1840
Primbee	All	0	0	41	3070	2109
Prospect (NSW)	All	0	0	36	3663	1764
Punchbowl (Canterbury-Bankstown - NSW)	All	0	0	39	4826	1533
Putney	All	0	0	42	1858	1803
Putta Bucca	All	0	0	42	4781	2863
Putty	All	0	0	35	2624	2189
Pyangle	All	0	0	42	3212	2498
Pymble	All	0	0	41	2297	2699
Pyramul	All	0	0	43	1396	2859
Pyree	All	0	0	44	3550	2848
Pyrmont	All	0	0	39	3961	1615
Quakers Hill	All	0	0	45	1881	1627
Queens Park (NSW)	All	0	0	40	1669	2815
Queens Pinch	All	0	0	36	4389	2170
Queenscliff (NSW)	All	0	0	45	3863	2810
Quialigo	All	0	0	45	2286	1503
Quiera	All	0	0	42	1319	1815
Quorrobolong	All	0	0	40	4146	2970
Raby	All	0	0	37	4576	2766
Raglan (NSW)	All	0	0	36	4028	1594
Ramsgate	All	0	0	36	1700	2875
Ramsgate Beach	All	0	0	44	4292	2911
Randwick	All	0	0	39	3111	2713
Rankin Park	All	0	0	41	3761	1648
Rathmines	All	0	0	42	1569	2949
Ravensdale	All	0	0	39	1502	1730
Ravensworth (NSW)	All	0	0	37	1305	2378
Raworth	All	0	0	37	3798	2945
Raymond Terrace	All	0	0	40	1111	2069
Razorback	All	0	0	40	1757	1792
Red Rocks	All	0	0	44	2926	2275
Redbournberry	All	0	0	42	2172	2065
Redfern	All	0	0	38	4200	2157
Redhead	All	0	0	45	1844	1805
Reedy Creek (NSW)	All	0	0	37	3418	2162
Regents Park (NSW)	All	0	0	45	4617	1669
Regentville	All	0	0	44	1742	2600
Renwick	All	0	0	43	3179	1572
Revesby	All	0	0	37	1126	1977
Revesby Heights	All	0	0	45	3348	1921
Rhodes	All	0	0	45	1359	1716
Richlands (NSW)	All	0	0	45	3673	1795
Richmond (NSW)	All	0	0	39	4703	2843
Richmond Lowlands	All	0	0	42	1506	2955
Richmond Vale	All	0	0	41	1092	2639
Riverlea	All	0	0	41	2848	2113
Riverstone	All	0	0	45	2235	1659
Riverview (NSW)	All	0	0	45	2603	2760
Riverwood	All	0	0	36	3746	1575
Rixs Creek	All	0	0	43	2420	1708
Robertson (NSW)	All	0	0	42	2420	2790
Robin Hill	All	0	0	40	3245	1875
Rockdale	All	0	0	40	1314	2277
Rockley Mount	All	0	0	39	4109	1855
Rocky Point (NSW)	All	0	0	45	1013	1867
Rodd Point	All	0	0	45	3088	2990
Rookwood (NSW)	All	0	0	39	3561	2651
Rooty Hill	All	0	0	43	3718	2704
Ropes Crossing	All	0	0	43	1663	2838
Rose Bay (NSW)	All	0	0	39	2005	2332
Rose Valley (Kiama - NSW)	All	0	0	36	3480	2420
Rosebery (NSW)	All	0	0	44	2327	1760
Rosebrook (NSW)	All	0	0	38	2759	2853
Rosehill (NSW)	All	0	0	45	4877	2008
Roselands	All	0	0	39	1965	2495
Rosemeadow	All	0	0	44	1827	2935
Roseville	All	0	0	44	3190	1777
Roseville Chase	All	0	0	37	2621	1862
Rossgole	All	0	0	37	3811	2986
Rossmore (NSW)	All	0	0	43	3141	2323
Rouchel	All	0	0	35	1938	2087
Rouchel Brook	All	0	0	45	1525	1625
Roughit	All	0	0	40	2562	1888
Round Swamp	All	0	0	40	4905	2148
Rouse Hill	All	0	0	41	2624	2320
Royal National Park	All	0	0	43	1807	2559
Rozelle	All	0	0	44	3510	2258
Run-o-Waters	All	0	0	35	4896	2601
Running Stream	All	0	0	41	4263	1869
Ruse	All	0	0	37	1595	2386
Rushcutters Bay	All	0	0	37	2447	2571
Russell Lea	All	0	0	39	1701	2687
Russell Vale	All	0	0	39	3431	2375
Rutherford	All	0	0	45	4024	2651
Rydal	All	0	0	35	4706	2464
Rydalmere	All	0	0	42	2276	2688
Ryde	All	0	0	38	3914	2446
Ryhope	All	0	0	37	4215	1737
Rylstone	All	0	0	37	4489	2537
Sackville	All	0	0	45	3137	1700
Sackville North	All	0	0	37	2077	1961
Saddleback Mountain	All	0	0	39	3650	2928
Sadleir	All	0	0	39	4862	1869
Salamander Bay	All	0	0	44	1724	2002
Sallys Flat	All	0	0	35	2715	2851
Salt Ash	All	0	0	40	4512	2997
San Remo (NSW)	All	0	0	43	4814	1502
Sanctuary Point	All	0	0	43	2729	1903
Sandbar	All	0	0	38	3095	2297
Sandgate (NSW)	All	0	0	38	1619	1933
Sandringham (NSW)	All	0	0	43	4571	1814
Sandy Hollow	All	0	0	38	2988	2862
Sandy Point (NSW)	All	0	0	44	1245	1815
Sans Souci	All	0	0	36	3438	1537
Saratoga	All	0	0	36	3932	1843
Sawyers Gully	All	0	0	42	2696	2807
Scarborough (NSW)	All	0	0	42	4413	1907
Scheyville	All	0	0	39	4469	2515
Schofields	All	0	0	35	2831	2541
Scone	All	0	0	41	3883	1655
Scotland Island	All	0	0	36	1687	2349
Scotts Flat	All	0	0	44	4453	2872
Seaforth (NSW)	All	0	0	41	4958	1669
Seaham	All	0	0	39	4312	2585
Seahampton	All	0	0	39	3638	2770
Seal Rocks	All	0	0	41	1669	2113
Sedgefield	All	0	0	44	4984	1902
Sefton	All	0	0	40	4612	2532
Segenhoe	All	0	0	36	3508	2033
Seven Hills (NSW)	All	0	0	43	4749	2630
Shalvey	All	0	0	41	2029	2610
Shanes Park	All	0	0	36	2853	2515
Sheedys Gully	All	0	0	45	1654	1508
Shell Cove	All	0	0	38	2987	2347
Shellharbour	All	0	0	36	4083	2264
Shellharbour City Centre	All	0	0	38	2876	1783
Shelly Beach (NSW)	All	0	0	44	2043	1571
Shoal Bay (NSW)	All	0	0	41	3194	1831
Shoalhaven Heads	All	0	0	45	4047	2998
Shooters Hill	All	0	0	36	3783	2047
Shortland	All	0	0	35	1686	2458
Silverdale (NSW)	All	0	0	37	2445	2152
Silverwater (Lake Macquarie - NSW)	All	0	0	38	4309	2747
Silverwater (Parramatta - NSW)	All	0	0	36	2426	1778
Singleton (NSW)	All	0	0	41	3222	2873
Singleton Heights	All	0	0	36	3184	2570
Singleton Military Area	All	0	0	45	3557	2095
Singletons Mill	All	0	0	37	2867	1914
Smeaton Grange	All	0	0	35	1271	1908
Smithfield (NSW)	All	0	0	42	4297	1980
Smiths Lake	All	0	0	43	1292	2586
Sodwalls	All	0	0	40	2339	1784
Sofala	All	0	0	43	4926	2569
Soldiers Point	All	0	0	42	1861	2888
Somersby	All	0	0	39	3157	1506
South Bathurst	All	0	0	37	4844	2264
South Bowenfels	All	0	0	42	4420	2748
South Coogee	All	0	0	36	3413	2364
South Granville	All	0	0	43	1902	2152
South Hurstville	All	0	0	45	4698	1662
South Littleton	All	0	0	35	2897	1505
South Maitland	All	0	0	45	2315	2642
South Maroota	All	0	0	44	2198	2626
South Nowra	All	0	0	37	4187	2372
South Penrith	All	0	0	35	2086	2597
South Turramurra	All	0	0	45	4514	2160
South Wentworthville	All	0	0	43	4005	2540
South Windsor	All	0	0	40	4067	2146
Speers Point	All	0	0	39	2104	2053
Spencer	All	0	0	37	4830	2787
Spring Farm (NSW)	All	0	0	39	2116	1756
Spring Flat	All	0	0	44	4533	2001
Spring Hill (Wollongong - NSW)	All	0	0	39	3972	1724
Springfield (Central Coast - NSW)	All	0	0	42	1698	1799
Springvale (Lithgow - NSW)	All	0	0	39	4423	2259
Springwood (NSW)	All	0	0	38	3370	2038
St Albans (NSW)	All	0	0	39	3000	1920
St Andrews (NSW)	All	0	0	44	1761	1739
St Clair (Penrith - NSW)	All	0	0	39	2612	2499
St Clair (Singleton - NSW)	All	0	0	45	4727	2287
St Fillans	All	0	0	42	2914	2734
St George (NSW)	All	0	0	36	2472	1880
St Georges Basin	All	0	0	38	4549	2435
St Helens Park	All	0	0	39	3082	2643
St Huberts Island	All	0	0	41	2181	2536
St Ives (NSW)	All	0	0	45	1244	2997
St Ives Chase	All	0	0	41	3243	1556
St Johns Park	All	0	0	36	4882	2100
St Leonards (NSW)	All	0	0	45	4738	2923
St Marys (NSW)	All	0	0	39	2953	2770
St Peters (NSW)	All	0	0	42	1125	1999
Stanford Merthyr	All	0	0	39	4990	2893
Stanhope (NSW)	All	0	0	37	3457	2886
Stanhope Gardens	All	0	0	39	4748	2886
Stanmore (NSW)	All	0	0	39	1320	2209
Stanwell Park	All	0	0	39	4260	1882
Stanwell Tops	All	0	0	39	1573	2621
State Mine Gully	All	0	0	41	2316	2948
Stockrington	All	0	0	45	2943	2821
Stockton (NSW)	All	0	0	35	3427	2029
Stonequarry	All	0	0	36	2751	2293
Stony Creek (Mid-Western Regional - NSW)	All	0	0	42	4868	1678
Strathfield (NSW)	All	0	0	37	1378	2414
Strathfield South	All	0	0	41	2184	2896
Stroud	All	0	0	42	2861	1741
Stroud Hill	All	0	0	38	3558	2363
Stroud Road	All	0	0	37	3380	2733
Stubbo	All	0	0	44	3471	2240
Sugarloaf (NSW)	All	0	0	35	3976	2177
Summer Hill (Dungog - NSW)	All	0	0	43	1170	1504
Summer Hill (Inner West - NSW)	All	0	0	42	4152	2881
Summerland Point	All	0	0	37	4226	2386
Sun Valley (NSW)	All	0	0	35	2694	2059
Sunny Corner	All	0	0	45	1668	2126
Sunshine (NSW)	All	0	0	41	4679	2223
Surry Hills	All	0	0	35	3957	2189
Sussex Inlet	All	0	0	45	2923	2788
Sutherland (NSW)	All	0	0	39	3021	2592
Sutton Forest	All	0	0	43	2688	1799
Swan Bay (Port Stephens - NSW)	All	0	0	37	4045	2930
Swanhaven	All	0	0	35	4690	1525
Swansea (NSW)	All	0	0	42	3588	1526
Swansea Heads	All	0	0	42	2139	1551
Sweetmans Creek	All	0	0	44	3857	2209
Sydenham (NSW)	All	0	0	36	3648	2720
Sydney	All	0	0	40	4399	2984
Sydney Olympic Park	All	0	0	35	2498	2648
Sylvania	All	0	0	41	1992	1527
Sylvania Waters	All	0	0	41	1353	2148
Tabbil Creek	All	0	0	38	2012	2518
Tacoma	All	0	0	38	3936	2688
Tacoma South	All	0	0	39	2433	2854
Tahlee	All	0	0	38	1892	1634
Tahmoor	All	0	0	44	1860	2289
Tallawang	All	0	0	45	3022	1980
Tallong	All	0	0	39	3645	2649
Tallowal	All	0	0	37	3707	2852
Tamarama	All	0	0	43	1980	1792
Tambaroora	All	0	0	37	1897	2890
Tanilba Bay	All	0	0	45	3149	2989
Tannas Mount	All	0	0	45	1552	2637
Tapitallee	All	0	0	35	3030	1525
Taralga	All	0	0	42	3417	2452
Tarana	All	0	0	43	4086	2636
Tarbuck Bay	All	0	0	40	4154	1894
Taren Point	All	0	0	35	2145	2503
Tarlo	All	0	0	39	1160	2458
Tarrawanna	All	0	0	43	4042	2037
Tarro	All	0	0	40	1684	2242
Tascott	All	0	0	40	3726	1672
Taylors Beach (NSW)	All	0	0	44	2522	1656
Tea Gardens	All	0	0	45	1592	2853
Telarah	All	0	0	38	4735	2353
Telopea	All	0	0	44	1981	2083
Tempe	All	0	0	36	3187	2297
Ten Mile Hollow	All	0	0	38	2671	1818
Tenambit	All	0	0	40	2509	2281
Tennyson (NSW)	All	0	0	37	2172	1711
Tennyson Point	All	0	0	37	2469	1646
Teralba	All	0	0	37	1025	1523
Terara	All	0	0	41	4476	2203
Terrey Hills	All	0	0	35	4081	2331
Terrigal	All	0	0	38	3970	2556
The Branch	All	0	0	39	4820	2285
The Devils Wilderness	All	0	0	45	3890	2805
The Entrance	All	0	0	43	2404	1521
The Entrance North	All	0	0	40	3767	2397
The Hill	All	0	0	35	1517	2132
The Junction	All	0	0	40	3325	1513
The Lagoon	All	0	0	40	1742	1663
The Meadows	All	0	0	41	3220	2799
The Oaks	All	0	0	43	2374	2841
The Ponds	All	0	0	40	3213	2545
The Rocks (Sydney - NSW)	All	0	0	42	1751	2303
The Slopes	All	0	0	44	1373	1869
Theresa Park	All	0	0	35	1440	1887
Thirlmere	All	0	0	38	1214	2524
Thirroul	All	0	0	45	1366	1681
Thornleigh	All	0	0	42	3139	2883
Thornton (NSW)	All	0	0	40	1221	2722
Tianjara	All	0	0	44	3292	1744
Tichular	All	0	0	37	3759	2841
Tighes Hill	All	0	0	43	3594	2410
Tilligerry Creek	All	0	0	38	3400	1818
Tingira Heights	All	0	0	36	2180	1794
Tirrannaville	All	0	0	39	2192	1992
Tocal (NSW)	All	0	0	43	2197	2247
Tolwong	All	0	0	37	3294	1815
Tomago	All	0	0	45	2341	2899
Tomerong	All	0	0	42	4951	2205
Tongarra	All	0	0	45	2684	2617
Toolijooa	All	0	0	35	2110	2940
Toongabbie (NSW)	All	0	0	45	3079	2672
Toowoon Bay	All	0	0	45	2182	1854
Topi Topi	All	0	0	39	1280	2046
Toronto	All	0	0	35	3049	1663
Torryburn (Dungog - NSW)	All	0	0	43	1140	2165
Totnes Valley	All	0	0	41	3003	1939
Touga	All	0	0	36	2112	1687
Toukley	All	0	0	42	2162	1567
Towradgi	All	0	0	42	1930	2213
Towrang	All	0	0	41	1592	2033
Tregear	All	0	0	38	4381	2359
Tuggerah	All	0	0	45	2930	2185
Tuggerawong	All	0	0	36	3108	2510
Tullarwalla	All	0	0	41	1649	2928
Tullimbar	All	0	0	43	4641	2021
Tumbi Umbi	All	0	0	41	4473	1845
Turill	All	0	0	42	2374	2178
Turondale	All	0	0	45	3101	2189
Turramurra	All	0	0	41	3881	1710
Turrella	All	0	0	38	4086	1660
Twelve Mile	All	0	0	44	4102	2489
Twelve Mile Creek	All	0	0	35	4056	2116
Twelve Mile Peg	All	0	0	41	2985	2172
Twenty Forests	All	0	0	41	2741	1986
Two Mile Flat	All	0	0	36	3785	2749
Uarbry	All	0	0	43	4026	2939
Ulan	All	0	0	41	4095	2038
Ultimo	All	0	0	35	4422	2319
Umina Beach	All	0	0	44	4105	2408
Unanderra	All	0	0	41	4112	1643
Underbank	All	0	0	36	1797	2524
Upper Bylong	All	0	0	42	3888	1857
Upper Colo	All	0	0	37	3406	1529
Upper Growee	All	0	0	36	1467	2120
Upper Kangaroo River	All	0	0	39	4150	2279
Upper Kangaroo Valley	All	0	0	36	2294	2556
Upper Macdonald	All	0	0	44	3287	2479
Upper Mangrove	All	0	0	35	1329	1788
Upper Nile	All	0	0	36	2217	2273
Upper Rouchel	All	0	0	41	2664	1997
Upper Turon	All	0	0	39	3668	2701
Vacy	All	0	0	39	1791	2581
Vale Of Clwydd	All	0	0	40	3558	2153
Valentine	All	0	0	43	2032	1913
Valley Heights	All	0	0	41	2909	2569
Varroville	All	0	0	45	2589	1526
Vaucluse	All	0	0	45	3812	2421
Villawood	All	0	0	45	1054	2372
Vincentia	All	0	0	44	4997	2007
Vineyard	All	0	0	44	2228	2582
Violet Hill	All	0	0	35	2387	2615
Voyager Point	All	0	0	35	3589	2276
Wadalba	All	0	0	41	1217	2397
Wagstaffe	All	0	0	38	3287	2788
Wahroonga	All	0	0	42	1181	2596
Waitara	All	0	0	39	4891	2565
Wakefield	All	0	0	37	1309	2621
Wakeley	All	0	0	36	2453	2865
Walang	All	0	0	39	1799	2604
Wallacia	All	0	0	44	2555	2351
Wallalong	All	0	0	35	4747	2157
Wallarah	All	0	0	36	4943	2749
Wallaringa	All	0	0	44	3813	2294
Wallarobba	All	0	0	40	1796	2000
Wallerawang	All	0	0	37	2959	1627
Wallsend	All	0	0	35	1468	1628
Wamberal	All	0	0	35	1256	1838
Wambool	All	0	0	36	4940	1843
Wandandian	All	0	0	38	2051	1761
Wangi Wangi	All	0	0	43	2816	1633
Warabrook	All	0	0	45	3958	2478
Waratah (NSW)	All	0	0	37	2368	1557
Waratah West	All	0	0	39	3956	1527
Wareemba	All	0	0	44	1737	1618
Warilla	All	0	0	44	1087	2501
Warkworth	All	0	0	44	1539	1874
Warners Bay	All	0	0	39	3120	1905
Warnervale	All	0	0	44	1834	1571
Warragamba	All	0	0	40	2060	2866
Warrawee	All	0	0	36	2527	2735
Warrawong	All	0	0	42	3657	1697
Warriewood	All	0	0	42	2118	2103
Warrimoo	All	0	0	35	3725	2999
Warwick Farm	All	0	0	45	1263	1884
Washpool (Mid-Coast - NSW)	All	0	0	38	1736	2645
Watagan	All	0	0	41	3933	2126
Watanobbi	All	0	0	39	1560	2571
Waterfall	All	0	0	37	4720	1911
Waterloo (NSW)	All	0	0	41	3742	2725
Watersleigh	All	0	0	45	3952	2158
Watsons Bay	All	0	0	38	4901	1846
Wattamolla	All	0	0	40	3857	2419
Wattle Flat (NSW)	All	0	0	35	3472	1552
Wattle Grove (NSW)	All	0	0	42	1759	2649
Wattle Ponds	All	0	0	43	3394	2601
Wattle Ridge (NSW)	All	0	0	36	1780	1884
Watton	All	0	0	35	1065	1789
Waverley (NSW)	All	0	0	41	2957	1997
Waverton	All	0	0	38	3618	1975
Webbers Creek	All	0	0	37	1997	2615
Webbs Creek	All	0	0	41	3474	2978
Wedderburn (NSW)	All	0	0	36	4424	2508
Weismantels	All	0	0	44	2654	1907
Welby	All	0	0	36	2019	2642
Wendoree Park	All	0	0	40	3147	2012
Wentworth Falls	All	0	0	37	1987	2795
Wentworth Point	All	0	0	40	2973	1820
Wentworthville	All	0	0	37	4928	2128
Werai	All	0	0	42	2194	2085
Werombi	All	0	0	43	4411	2961
Werri Beach	All	0	0	44	2473	2996
Werrington	All	0	0	43	3672	2270
Werrington County	All	0	0	40	2782	2715
Werrington Downs	All	0	0	40	3656	2724
West Bathurst	All	0	0	44	1930	2046
West Gosford	All	0	0	40	1347	2650
West Hoxton	All	0	0	42	4937	2195
West Nowra	All	0	0	42	1126	1683
West Pennant Hills	All	0	0	39	2332	2326
West Pymble	All	0	0	38	1359	1556
West Ryde	All	0	0	42	4731	2611
West Wallsend	All	0	0	40	1062	2811
West Wollongong	All	0	0	45	4192	2324
Westbrook (NSW)	All	0	0	45	4211	2905
Westleigh	All	0	0	40	3939	2754
Westmead	All	0	0	45	1680	1704
Weston (NSW)	All	0	0	41	4805	2538
Wetherill Park	All	0	0	36	4695	2823
Whalan	All	0	0	41	3102	2252
Whale Beach	All	0	0	45	1302	2409
Wheeler Heights	All	0	0	42	2121	1937
Wheeny Creek	All	0	0	44	3993	2427
White Rock (NSW)	All	0	0	37	1372	1512
Whitebridge	All	0	0	43	4076	2568
Whittingham	All	0	0	40	1639	2249
Wiagdon	All	0	0	44	4122	2455
Wiarborough	All	0	0	41	1685	2061
Wickham (NSW)	All	0	0	44	1850	2924
Widden	All	0	0	42	1660	2215
Wilberforce (NSW)	All	0	0	45	4676	2897
Wilbetree	All	0	0	45	2662	2462
Wildes Meadow	All	0	0	42	2465	1954
Wiley Park	All	0	0	45	2199	1706
Williamtown	All	0	0	41	2120	1771
Willmot	All	0	0	43	4191	2630
Willoughby (NSW)	All	0	0	36	3140	2872
Willoughby East	All	0	0	43	4777	1511
Willow Vale (Kiama - NSW)	All	0	0	44	1250	1575
Willow Vale (Wingecarribee - NSW)	All	0	0	39	2258	2254
Wilpinjong	All	0	0	45	3379	2987
Wilton (NSW)	All	0	0	36	1328	1523
Winburndale	All	0	0	42	1409	2392
Windale	All	0	0	37	2595	2295
Windang	All	0	0	40	4081	2177
Windella	All	0	0	35	1102	2115
Windermere (NSW)	All	0	0	41	2146	2635
Windermere Park	All	0	0	45	2015	1575
Windeyer (NSW)	All	0	0	40	4174	1833
Windradyne	All	0	0	41	2863	1678
Windsor (NSW)	All	0	0	36	2278	2587
Windsor Downs	All	0	0	41	2605	1848
Wingello	All	0	0	39	3045	1880
Winmalee	All	0	0	37	4407	2271
Winston Hills	All	0	0	35	4998	1610
Wirraba	All	0	0	35	4218	2922
Wirragulla	All	0	0	44	1036	2795
Wisemans Creek	All	0	0	39	1334	2449
Wisemans Ferry	All	0	0	42	2847	1965
Wolgan Valley	All	0	0	39	1416	1801
Wollangambe	All	0	0	44	3382	1644
Wollar	All	0	0	42	1596	1525
Wollemi	All	0	0	37	4146	2780
Wolli Creek	All	0	0	37	2546	1684
Wollombi	All	0	0	37	2084	1942
Wollongong	All	0	0	35	3959	2688
Wollstonecraft	All	0	0	45	4033	2323
Wollumboola	All	0	0	40	2833	1827
Wombarra	All	0	0	40	4791	1570
Wombeyan Caves	All	0	0	45	4442	2246
Womerah	All	0	0	39	4459	2145
Wondabyne	All	0	0	45	3572	2331
Wongawilli	All	0	0	38	4087	2285
Woodberry	All	0	0	41	4701	2840
Woodbine (NSW)	All	0	0	39	2226	1666
Woodcroft (NSW)	All	0	0	42	1092	2642
Woodford (NSW)	All	0	0	37	2040	1830
Woodhill (NSW)	All	0	0	40	1780	2388
Woodlands (Wingecarribee - NSW)	All	0	0	41	1881	2479
Woodpark	All	0	0	37	4568	1835
Woodrising	All	0	0	40	3553	2991
Woodville (NSW)	All	0	0	39	1842	2710
Woollahra	All	0	0	42	1937	1847
Woollamia	All	0	0	44	3441	2767
Woolloomooloo	All	0	0	39	4415	2869
Woolooware	All	0	0	36	3041	1777
Woolwich	All	0	0	41	4519	2955
Woongarrah	All	0	0	38	3838	1708
Woonona	All	0	0	38	4434	2948
Worlds End (NSW)	All	0	0	44	4300	1829
Woronora	All	0	0	35	1081	2418
Woronora Dam	All	0	0	38	4155	2992
Woronora Heights	All	0	0	45	3898	1980
Worrigee	All	0	0	36	2551	2814
Worrowing Heights	All	0	0	40	3675	2008
Woy Woy	All	0	0	38	3672	1630
Woy Woy Bay	All	0	0	45	4241	2402
Wrights Beach	All	0	0	43	4642	2900
Wrights Creek (NSW)	All	0	0	43	3934	1741
Wybong	All	0	0	43	1494	2859
Wybung	All	0	0	42	4114	2337
Wyee	All	0	0	37	4636	2595
Wyee Point	All	0	0	43	1923	2181
Wylies Flat	All	0	0	41	4482	2736
Wyoming	All	0	0	43	3293	2317
Wyong	All	0	0	43	4236	2123
Wyong Creek	All	0	0	35	1910	2035
Wyongah	All	0	0	36	4006	2807
Yagon	All	0	0	43	4871	2700
Yagoona	All	0	0	38	3184	1852
Yalbraith	All	0	0	39	2556	1572
Yallah	All	0	0	39	4043	1925
Yalwal	All	0	0	36	4784	1541
Yanderra	All	0	0	45	4213	2221
Yarramalong	All	0	0	42	3296	2956
Yarramundi	All	0	0	41	2134	2761
Yarras (Bathurst Regional - NSW)	All	0	0	45	4696	2641
Yarrawa	All	0	0	43	2347	1825
Yarrawarrah	All	0	0	45	1309	2904
Yarrawonga (NSW)	All	0	0	44	3851	2258
Yarrawonga Park	All	0	0	44	4708	1797
Yattalunga (NSW)	All	0	0	44	2920	2353
Yellow Rock (Blue Mountains - NSW)	All	0	0	41	2153	2758
Yellow Rock (Shellharbour - NSW)	All	0	0	37	1160	2406
Yengo National Park	All	0	0	37	2546	2478
Yennora	All	0	0	37	1400	2188
Yerranderie	All	0	0	43	4514	2038
Yerrinbool	All	0	0	38	2091	1996
Yerriyong	All	0	0	43	3855	2570
Yetholme	All	0	0	41	1141	1516
Yowie Bay	All	0	0	43	3559	2247
Zetland	All	0	0	45	1746	1848
No usual address (NSW)	All	0	0	36	4579	2582
Migratory - Offshore - Shipping (NSW)	All	0	0	41	4703	2354
